X_id,dataCollectionDate,beachName,windSpeed,windDirection,airTemp,rain,rainAmount,waterTemp,waterFowl,waveAction,waterClarity,turbidity
11478,2024-06-03,Marie Curtis Park East Beach,15,NE,15,Yes,3,16,NA,NONE,clear,1.53
11479,2024-06-03,Sunnyside Beach,15,NE,15,Yes,3,17,2,NONE,murky,1.8
11480,2024-06-03,Hanlan's Point Beach,15,NE,15,Yes,3,15,3,NONE,clear,NA
11481,2024-06-03,Gibraltar Point Beach,15,NE,15,Yes,3,15,NA,NONE,clear,NA
11482,2024-06-03,Centre Island Beach,15,NE,15,Yes,3,15,6,NONE,clear,NA
11483,2024-06-03,Ward's Island Beach,15,NE,15,Yes,3,15,2,NONE,clear,NA
11484,2024-06-03,Cherry Beach,15,NE,15,Yes,3,16,8,NONE,Clear ,NA
11485,2024-06-03,Woodbine Beaches,15,NE,15,Yes,3,14,4,NONE,Cloudy ,NA
11486,2024-06-03,Kew Balmy Beach,15,NE,15,Yes,3,14,17,NONE,Clear ,NA
11487,2024-06-03,Bluffer's Beach Park,15,NE,15,Yes,3,11,36,NONE,Clear,NA
11608,2024-08-27,Marie Curtis Park East Beach,4,SE,22,No,NA,22,NA,NONE,Cloudy,1.18
11609,2024-08-27,Sunnyside Beach,4,SE,22,No,NA,22,17,NONE,Clear,1.97
11610,2024-08-27,Hanlan's Point Beach,4,SE,22,No,NA,22,2,NONE,clear,NA
11611,2024-08-27,Gibraltar Point Beach,4,SE,22,No,NA,22,NA,NONE,clear,NA
11612,2024-08-27,Centre Island Beach,4,SE,22,No,NA,22,2,NONE,clear,NA
11613,2024-08-27,Ward's Island Beach,4,SE,22,No,NA,22,NA,NONE,clear,NA
11614,2024-08-27,Cherry Beach,6,S,23,No,NA,23,4,NONE,murky,NA
11615,2024-08-27,Woodbine Beaches,6,S,23,No,NA,20,3,NONE,clear,NA
11616,2024-08-27,Kew Balmy Beach,6,S,23,No,NA,20,4,NONE,clear,NA
11617,2024-08-27,Bluffer's Beach Park,6,S,23,No,NA,22,3,NONE,clear,NA
11708,2024-05-30,Marie Curtis Park East Beach,17,NW,11,No,NA,13,NA,NONE,clear,0.61
11709,2024-05-30,Sunnyside Beach,17,NW,11,No,NA,15,NA,NONE,cloudy,1.7
11710,2024-05-30,Hanlan's Point Beach,17,NW,11,No,NA,12,NA,NONE,clear,NA
11711,2024-05-30,Gibraltar Point Beach,17,NW,11,No,NA,14,NA,LOW,clear,NA
11712,2024-05-30,Centre Island Beach,17,NW,11,No,NA,14,3,NONE,cloudy,NA
11713,2024-05-30,Ward's Island Beach,17,NW,11,No,NA,14,1,NONE,clear,NA
11714,2024-05-30,Cherry Beach,17,NW,11,No,NA,15,1,NONE,cloudy,NA
11715,2024-05-30,Woodbine Beaches,17,NW,11,No,NA,13,NA,NONE,clear,NA
11716,2024-05-30,Kew Balmy Beach,17,NW,11,No,NA,13,NA,NONE,clear,NA
11717,2024-05-30,Bluffer's Beach Park,17,NW,11,No,NA,11,9,NONE,clear,NA
11788,2024-05-31,Marie Curtis Park East Beach,9,W,11,No,NA,13,NA,NONE,murky,1.3
11789,2024-05-31,Sunnyside Beach,9,W,11,No,NA,14,NA,NONE,Murky,0.67
11790,2024-05-31,Hanlan's Point Beach,9,W,11,No,NA,14,2,NONE,clear,NA
11791,2024-05-31,Gibraltar Point Beach,9,W,11,No,NA,14,NA,NONE,clear,NA
11792,2024-05-31,Centre Island Beach,9,W,11,No,NA,15,NA,NONE,clear,NA
11793,2024-05-31,Ward's Island Beach,9,W,11,No,NA,15,NA,NONE,cloudy,NA
11794,2024-05-31,Cherry Beach,9,W,11,No,NA,16,NA,NONE,clear,NA
11795,2024-05-31,Woodbine Beaches,9,W,11,No,NA,12,1,NONE,clear,NA
11796,2024-05-31,Kew Balmy Beach,9,W,11,No,NA,11,3,NONE,clear,NA
11797,2024-05-31,Bluffer's Beach Park,9,W,11,No,NA,9,17,NONE,clear,NA
11798,2024-06-15,Marie Curtis Park East Beach,11,N,15,No,NA,10,NA,NONE,Clear,0.42
11799,2024-06-15,Sunnyside Beach,11,N,15,No,NA,12,3,NONE,Clear,0.97
11800,2024-06-15,Hanlan's Point Beach,11,N,15,No,NA,12,1,NONE,Clear,NA
11801,2024-06-15,Gibraltar Point Beach,11,N,15,No,NA,12,NA,LOW,clear,NA
11802,2024-06-15,Centre Island Beach,11,N,15,No,NA,12,1,NONE,Clear,NA
11803,2024-06-15,Ward's Island Beach,11,N,15,No,NA,12,NA,NONE,Clear,NA
11804,2024-06-15,Cherry Beach,11,N,15,No,NA,14,2,NONE,Clear,NA
11805,2024-06-15,Woodbine Beaches,11,N,15,No,NA,9,21,NONE,Clear,NA
11806,2024-06-15,Kew Balmy Beach,11,N,15,No,NA,10,47,NONE,Clear,NA
11807,2024-06-15,Bluffer's Beach Park,11,N,15,No,NA,9,10,NONE,Murky,NA
11808,2024-06-16,Marie Curtis Park East Beach,17,NE,15,No,NA,13,NA,NONE,Algae,0.8
11809,2024-06-16,Sunnyside Beach,17,NE,15,No,NA,13,NA,NONE,Algae,0.36
11810,2024-06-16,Hanlan's Point Beach,17,NE,15,No,NA,11,2,NONE,Clear,NA
11811,2024-06-16,Gibraltar Point Beach,17,NE,15,No,NA,11,NA,NONE,Clear,NA
11812,2024-06-16,Centre Island Beach,17,NE,15,No,NA,14,4,NONE,Clear,NA
11813,2024-06-16,Ward's Island Beach,17,NE,15,No,NA,15,31,NONE,Clear,NA
11814,2024-06-16,Cherry Beach,4,SE,15,No,NA,15,NA,NONE,Clear,NA
11815,2024-06-16,Woodbine Beaches,4,SE,15,No,NA,10,21,MOD,Cloudy,NA
11816,2024-06-16,Kew Balmy Beach,4,SE,15,No,NA,10,1,MOD,Cloudy,NA
11817,2024-06-16,Bluffer's Beach Park,4,SE,15,No,NA,10,30,NONE,Cloudy,NA
11818,2024-06-17,Marie Curtis Park East Beach,15,NE,16,No,NA,12,NA,LOW,Murky,4.34
11819,2024-06-17,Sunnyside Beach,15,NE,16,No,NA,13,32,NONE,Clear with pollen,0.62
11820,2024-06-17,Hanlan's Point Beach,15,NE,16,No,NA,13,NA,NONE,Clear,NA
11821,2024-06-17,Gibraltar Point Beach,15,NE,16,No,NA,13,NA,NONE,Cloudy,NA
11822,2024-06-17,Centre Island Beach,15,NE,16,No,NA,13,16,NONE,Clear,NA
11823,2024-06-17,Ward's Island Beach,15,NE,16,No,NA,12,4,NONE,Clear,NA
11824,2024-06-17,Cherry Beach,15,NE,16,No,NA,12,13,NONE,Clear,NA
11825,2024-06-17,Woodbine Beaches,15,NE,16,No,NA,12,NA,LOW,Cloudy,NA
11826,2024-06-17,Kew Balmy Beach,15,NE,16,No,NA,12,NA,LOW,Cloudy,NA
11827,2024-06-17,Bluffer's Beach Park,15,NE,16,No,NA,13,8,LOW,Murky,NA
11868,2024-08-31,Marie Curtis Park East Beach,5,SW,22,Yes,4,22,NA,NONE,Murky,3.53
11869,2024-08-31,Sunnyside Beach,5,SW,22,Yes,4,22,7,NONE,Clear,0.71
11870,2024-08-31,Hanlan's Point Beach,5,SW,22,Yes,4,22,16,NONE,Clear,NA
11871,2024-08-31,Gibraltar Point Beach,5,SW,22,Yes,4,21,8,NONE,Cloudy,NA
11872,2024-08-31,Centre Island Beach,5,SW,22,Yes,4,22,24,NONE,Clear,NA
11873,2024-08-31,Ward's Island Beach,5,SW,22,Yes,4,23,NA,NONE,Clear,NA
11874,2024-08-31,Cherry Beach,7,SW,21,No,4,22,7,NONE,Clear,NA
11875,2024-08-31,Woodbine Beaches,7,SW,21,No,4,19,NA,NONE,Cloudy,NA
11876,2024-08-31,Kew Balmy Beach,7,SW,21,No,4,19,NA,NONE,Cloudy,NA
11877,2024-08-31,Bluffer's Beach Park,7,SW,21,No,4,23,11,LOW,Cloudy,NA
11928,2024-05-15,Marie Curtis Park East Beach,NA,None,NA,N/A,NA,NA,NA,None,None,NA
11929,2024-05-15,Sunnyside Beach,NA,None,NA,N/A,NA,NA,NA,None,None,NA
11930,2024-05-15,Hanlan's Point Beach,NA,None,NA,N/A,NA,NA,NA,None,None,NA
11931,2024-05-15,Gibraltar Point Beach,NA,None,NA,N/A,NA,NA,NA,None,None,NA
11932,2024-05-15,Centre Island Beach,NA,None,NA,N/A,NA,NA,NA,None,None,NA
11933,2024-05-15,Ward's Island Beach,NA,None,NA,N/A,NA,NA,NA,None,None,NA
11934,2024-05-15,Cherry Beach,NA,None,NA,N/A,NA,NA,NA,None,None,NA
11935,2024-05-15,Woodbine Beaches,NA,None,NA,N/A,NA,NA,NA,None,None,NA
11936,2024-05-15,Kew Balmy Beach,NA,None,NA,N/A,NA,NA,NA,None,None,NA
11937,2024-05-15,Bluffer's Beach Park,NA,None,NA,N/A,NA,NA,NA,None,None,NA
11938,2024-07-12,Marie Curtis Park East Beach,8,NW,20,Yes,1,21,NA,NONE,murky,1.99
11939,2024-07-12,Sunnyside Beach,8,NW,20,Yes,1,21,7,NONE,murky,0.98
11940,2024-07-12,Hanlan's Point Beach,8,NW,20,Yes,1,22,NA,NONE,clear,NA
11941,2024-07-12,Gibraltar Point Beach,8,NW,20,Yes,1,21,12,NONE,clear,NA
11942,2024-07-12,Centre Island Beach,8,NW,20,Yes,1,21,23,NONE,clear,NA
11943,2024-07-12,Ward's Island Beach,8,NW,20,Yes,1,22,NA,NONE,clear,NA
11944,2024-07-12,Cherry Beach,8,NW,20,Yes,3,23,9,NONE,clear,NA
11945,2024-07-12,Woodbine Beaches,8,NW,20,Yes,3,20,13,NONE,Clear ,NA
11946,2024-07-12,Kew Balmy Beach,8,NW,20,Yes,3,20,7,NONE,Clear,NA
11947,2024-07-12,Bluffer's Beach Park,8,NW,20,Yes,3,19,NA,NONE,Clear ,NA
12038,2024-09-08,Marie Curtis Park East Beach,21,SW,9,No,NA,NA,NA,None,None,NA
12039,2024-09-08,Sunnyside Beach,21,SW,9,No,NA,12,NA,NONE,clear,0.64
12040,2024-09-08,Hanlan's Point Beach,21,SW,9,No,NA,NA,NA,None,None,NA
12041,2024-09-08,Gibraltar Point Beach,21,SW,9,No,NA,NA,NA,None,None,NA
12042,2024-09-08,Centre Island Beach,21,SW,9,No,NA,NA,NA,None,None,NA
12043,2024-09-08,Ward's Island Beach,21,SW,9,No,NA,NA,NA,None,None,NA
12044,2024-09-08,Cherry Beach,21,SW,9,No,NA,19,12,NONE,clear,NA
12045,2024-09-08,Woodbine Beaches,21,SW,9,No,NA,14,NA,NONE,clear,NA
12046,2024-09-08,Kew Balmy Beach,21,SW,9,No,NA,14,NA,NONE,clear,NA
12047,2024-09-08,Bluffer's Beach Park,21,SW,9,No,NA,NA,NA,None,None,NA
12078,2024-06-04,Marie Curtis Park East Beach,17,NE,18,Yes,0,18,NA,NONE,Cloudy,NA
12079,2024-06-04,Sunnyside Beach,17,NE,18,Yes,0,18,25,NONE,Clear,NA
12080,2024-06-04,Hanlan's Point Beach,17,NE,18,Yes,0,16,1,NONE,Clear,NA
12081,2024-06-04,Gibraltar Point Beach,17,NE,18,Yes,0,16,30,LOW,Clear,NA
12082,2024-06-04,Centre Island Beach,17,NE,18,Yes,0,17,29,NONE,Clear,NA
12083,2024-06-04,Ward's Island Beach,17,NE,18,Yes,0,16,NA,NONE,Clear,NA
12084,2024-06-04,Cherry Beach,17,NE,18,Yes,0,17,11,NONE,Clear,NA
12085,2024-06-04,Woodbine Beaches,17,NE,18,Yes,0,15,2,NONE,Cloudy,NA
12086,2024-06-04,Kew Balmy Beach,17,NE,18,Yes,0,16,37,NONE,Cloudy,NA
12087,2024-06-04,Bluffer's Beach Park,17,NE,18,Yes,0,14,4,NONE,Clear,NA
12088,2024-07-06,Marie Curtis Park East Beach,8,SW,20,Yes,1,18,7,NONE,Debris,0.8
12089,2024-07-06,Sunnyside Beach,8,SW,20,Yes,1,20,31,NONE,Debris,1.03
12090,2024-07-06,Hanlan's Point Beach,8,SW,20,Yes,1,20,4,NONE,Clear,NA
12091,2024-07-06,Gibraltar Point Beach,8,SW,20,Yes,1,20,NA,NONE,Clear,NA
12092,2024-07-06,Centre Island Beach,8,SW,20,Yes,1,21,21,NONE,Clear,NA
12093,2024-07-06,Ward's Island Beach,8,SW,20,Yes,1,21,4,NONE,Clear,NA
12094,2024-07-06,Cherry Beach,8,SW,20,Yes,1,22,NA,NONE,Clear,NA
12095,2024-07-06,Woodbine Beaches,8,SW,20,Yes,1,18,NA,NONE,clear,NA
12096,2024-07-06,Kew Balmy Beach,8,SW,20,Yes,1,17,5,NONE,cloudy,NA
12097,2024-07-06,Bluffer's Beach Park,8,SW,20,Yes,1,16,2,NONE,clear,NA
12098,2024-07-07,Marie Curtis Park East Beach,9,NW,20,No,NA,19,NA,NONE,clear,0.61
12099,2024-07-07,Sunnyside Beach,9,NW,20,No,NA,20,27,NONE,clear,0.88
12100,2024-07-07,Hanlan's Point Beach,9,NW,20,No,NA,20,16,NONE,clear,NA
12101,2024-07-07,Gibraltar Point Beach,9,NW,20,No,NA,19,2,NONE,clear,NA
12102,2024-07-07,Centre Island Beach,9,NW,20,No,NA,20,NA,NONE,"clear, algae",NA
12103,2024-07-07,Ward's Island Beach,9,NW,20,No,NA,20,NA,NONE,cloudy,NA
12104,2024-07-07,Cherry Beach,9,NW,20,No,NA,22,2,NONE,"clear, algae",NA
12105,2024-07-07,Woodbine Beaches,9,NW,20,No,NA,18,2,NONE,Clear,NA
12106,2024-07-07,Kew Balmy Beach,9,NW,20,No,NA,17,8,NONE,Cloudy,NA
12107,2024-07-07,Bluffer's Beach Park,9,NW,20,No,NA,18,NA,NONE,Clear,NA
12108,2024-07-08,Marie Curtis Park East Beach,9,W,19,No,NA,19,NA,NONE,Clear,NA
12109,2024-07-08,Sunnyside Beach,9,W,19,No,NA,21,6,NONE,Clear,NA
12110,2024-07-08,Hanlan's Point Beach,9,W,19,No,NA,20,NA,NONE,Clear,NA
12111,2024-07-08,Gibraltar Point Beach,9,W,19,No,NA,21,NA,NONE,Clear,NA
12112,2024-07-08,Centre Island Beach,9,W,19,No,NA,21,62,NONE,Clear,NA
12113,2024-07-08,Ward's Island Beach,9,W,19,No,NA,22,NA,NONE,Clear,NA
12114,2024-07-08,Cherry Beach,7,W,20,No,NA,23,4,NONE,Clear,NA
12115,2024-07-08,Woodbine Beaches,7,W,20,No,NA,20,12,NONE,Cloudy,NA
12116,2024-07-08,Kew Balmy Beach,7,W,20,No,NA,20,38,NONE,Cloudy,NA
12117,2024-07-08,Bluffer's Beach Park,7,W,20,No,NA,17,2,NONE,Clear,NA
12118,2024-07-24,Marie Curtis Park East Beach,4,SE,22,No,NA,23,NA,LOW,Murky ,2.52
12119,2024-07-24,Sunnyside Beach,4,SE,22,No,NA,23,29,NONE,"Clear, Debris",1.44
12120,2024-07-24,Hanlan's Point Beach,4,SE,22,No,NA,23,NA,LOW,Clear,NA
12121,2024-07-24,Gibraltar Point Beach,4,SE,22,No,NA,23,NA,LOW,Clear,NA
12122,2024-07-24,Centre Island Beach,4,SE,22,No,NA,23,NA,NONE,Debris,NA
12123,2024-07-24,Ward's Island Beach,4,SE,22,No,NA,23,7,LOW,Algae ,NA
12124,2024-07-24,Cherry Beach,4,SE,22,Yes,NA,23,7,LOW,Clear ,NA
12125,2024-07-24,Woodbine Beaches,4,SE,22,Yes,NA,20,39,NONE,Cloudy,NA
12126,2024-07-24,Kew Balmy Beach,4,SE,22,Yes,NA,20,42,NONE,Cloudy ,NA
12127,2024-07-24,Bluffer's Beach Park,4,SE,22,Yes,NA,22,NA,NONE,Clear ,NA
12198,2024-05-23,Marie Curtis Park East Beach,15,W,16,No,NA,14,NA,NONE,clear,2.02
12199,2024-05-23,Sunnyside Beach,15,W,16,No,NA,18,11,NONE,cloudy,1.97
12200,2024-05-23,Hanlan's Point Beach,15,W,16,No,NA,15,8,LOW,cloudy,NA
12201,2024-05-23,Gibraltar Point Beach,15,W,16,No,NA,17,2,LOW,cloudy,NA
12202,2024-05-23,Centre Island Beach,15,W,16,No,NA,16,6,LOW,clear,NA
12203,2024-05-23,Ward's Island Beach,15,W,16,No,NA,14,1,LOW,clear,NA
12204,2024-05-23,Cherry Beach,15,W,16,No,NA,15,2,LOW,clear,NA
12205,2024-05-23,Woodbine Beaches,15,W,16,No,NA,13,NA,NONE,clear,NA
12206,2024-05-23,Kew Balmy Beach,15,W,16,No,NA,13,3,LOW,murcky,NA
12207,2024-05-23,Bluffer's Beach Park,15,W,16,No,NA,14,NA,NONE,clear,NA
12258,2024-06-08,Marie Curtis Park East Beach,18,W,13,Yes,4,10,NA,NONE,clear,0.88
12259,2024-06-08,Sunnyside Beach,18,W,13,Yes,4,11,22,NONE,clear,0.56
12260,2024-06-08,Hanlan's Point Beach,18,W,13,Yes,4,11,NA,MOD,clear,NA
12261,2024-06-08,Gibraltar Point Beach,18,W,13,Yes,4,10,NA,MOD,clear,NA
12262,2024-06-08,Centre Island Beach,18,W,13,Yes,4,14,NA,NONE,murky,NA
12263,2024-06-08,Ward's Island Beach,18,W,13,Yes,4,15,NA,LOW,clear,NA
12264,2024-06-08,Cherry Beach,18,W,13,Yes,4,16,17,LOW,clear,NA
12265,2024-06-08,Woodbine Beaches,18,W,13,Yes,4,8,NA,NONE,Clear,NA
12266,2024-06-08,Kew Balmy Beach,18,W,13,Yes,4,9,NA,NONE,Clear,NA
12267,2024-06-08,Bluffer's Beach Park,18,W,13,Yes,4,8,5,LOW,Clear,NA
12268,2024-06-09,Marie Curtis Park East Beach,9,W,11,Yes,4,10,7,NONE,Clear,1.51
12269,2024-06-09,Sunnyside Beach,9,W,11,Yes,4,10,NA,NONE,Clear,0.38
12270,2024-06-09,Hanlan's Point Beach,9,W,11,Yes,4,10,NA,LOW,Clear,NA
12271,2024-06-09,Gibraltar Point Beach,9,W,11,Yes,4,11,3,LOW,Clear,NA
12272,2024-06-09,Centre Island Beach,9,W,11,Yes,4,12,9,NONE,Clear,NA
12273,2024-06-09,Ward's Island Beach,9,W,11,Yes,4,15,NA,LOW,Cloudy,NA
12274,2024-06-09,Cherry Beach,9,W,11,Yes,4,17,12,LOW,Cloudy,NA
12275,2024-06-09,Woodbine Beaches,9,W,11,Yes,4,9,3,LOW,Clear,NA
12276,2024-06-09,Kew Balmy Beach,9,W,11,Yes,4,9,21,LOW,Clear,NA
12277,2024-06-09,Bluffer's Beach Park,9,W,11,Yes,4,8,5,NONE,Clear,NA
12308,2024-06-26,Marie Curtis Park East Beach,8,SW,19,No,NA,14,NA,NONE,murky,1.49
12309,2024-06-26,Sunnyside Beach,8,SW,19,No,NA,17,4,NONE,clear,3.37
12310,2024-06-26,Hanlan's Point Beach,8,SW,19,No,NA,16,NA,NONE,clear,NA
12311,2024-06-26,Gibraltar Point Beach,8,SW,19,No,NA,18,2,NONE,clear,NA
12312,2024-06-26,Centre Island Beach,8,SW,19,No,NA,18,NA,NONE,clear,NA
12313,2024-06-26,Ward's Island Beach,8,SW,19,No,NA,18,NA,NONE,clear,NA
12314,2024-06-26,Cherry Beach,8,SW,19,No,NA,20,NA,NONE,cloudy,NA
12315,2024-06-26,Woodbine Beaches,8,SW,19,No,NA,12,6,LOW,clear,NA
12316,2024-06-26,Kew Balmy Beach,8,SW,19,No,NA,13,71,LOW,clear,NA
12317,2024-06-26,Bluffer's Beach Park,8,SW,19,No,NA,12,17,NONE,clear,NA
12548,2024-06-22,Marie Curtis Park East Beach,5,SE,21,Yes,1,19,NA,NONE,cloudy,2.8
12549,2024-06-22,Sunnyside Beach,5,SE,21,Yes,1,18,11,NONE,cloudy,1.17
12550,2024-06-22,Hanlan's Point Beach,5,SE,21,Yes,1,17,NA,NONE,clear,NA
12551,2024-06-22,Gibraltar Point Beach,5,SE,21,Yes,1,18,22,NONE,clear,NA
12552,2024-06-22,Centre Island Beach,5,SE,21,Yes,1,18,12,NONE,clear,NA
12553,2024-06-22,Ward's Island Beach,5,SE,21,Yes,1,17,7,NONE,clear,NA
12554,2024-06-22,Cherry Beach,5,SE,21,Yes,1,18,7,NONE,clear,NA
12555,2024-06-22,Woodbine Beaches,5,SE,21,Yes,1,19,3,LOW,cloudy,NA
12556,2024-06-22,Kew Balmy Beach,5,SE,21,Yes,1,20,59,LOW,cloudy,NA
12557,2024-06-22,Bluffer's Beach Park,5,SE,21,Yes,1,16,11,LOW,cloudy,NA
12688,2024-07-05,Marie Curtis Park East Beach,4,SW,21,No,NA,NA,NA,None,None,NA
12689,2024-07-05,Sunnyside Beach,4,SW,21,No,NA,NA,NA,None,None,NA
12690,2024-07-05,Hanlan's Point Beach,4,SW,21,No,NA,NA,NA,None,None,NA
12691,2024-07-05,Gibraltar Point Beach,4,SW,21,No,NA,NA,NA,None,None,NA
12692,2024-07-05,Centre Island Beach,4,SW,21,No,NA,NA,NA,None,None,NA
12693,2024-07-05,Ward's Island Beach,4,SW,21,No,NA,NA,NA,None,None,NA
12694,2024-07-05,Cherry Beach,4,SW,21,No,NA,NA,NA,None,None,NA
12695,2024-07-05,Woodbine Beaches,4,SW,21,No,NA,17,NA,NONE,clear,NA
12696,2024-07-05,Kew Balmy Beach,4,SW,21,No,NA,16,55,NONE,cloudy,NA
12697,2024-07-05,Bluffer's Beach Park,4,SW,21,No,NA,16,2,NONE,clear,NA
12798,2024-08-13,Marie Curtis Park East Beach,17,NW,17,Yes,0,NA,NA,NONE,Clear,0.42
12799,2024-08-13,Sunnyside Beach,17,NW,17,Yes,0,NA,14,NONE,Clear,0.38
12800,2024-08-13,Hanlan's Point Beach,17,NW,17,Yes,0,NA,6,NONE,Clear,NA
12801,2024-08-13,Gibraltar Point Beach,17,NW,17,Yes,0,NA,40,NONE,Clear,NA
12802,2024-08-13,Centre Island Beach,17,NW,17,Yes,0,NA,11,NONE,Clear,NA
12803,2024-08-13,Ward's Island Beach,17,NW,17,Yes,0,NA,NA,NONE,Clear,NA
12804,2024-08-13,Cherry Beach,17,NW,17,Yes,0,NA,5,NONE,Clear,NA
12805,2024-08-13,Woodbine Beaches,17,NW,17,Yes,0,9,2,NONE,Clear,NA
12806,2024-08-13,Kew Balmy Beach,17,NW,17,Yes,0,11,21,NONE,Cloudy,NA
12807,2024-08-13,Bluffer's Beach Park,17,NW,17,Yes,0,9,3,NONE,Clear,NA
12958,2024-06-13,Marie Curtis Park East Beach,4,E,16,No,NA,12,2,NONE,clear,2.18
12959,2024-06-13,Sunnyside Beach,4,E,16,No,NA,13,9,NONE,clear,0.46
12960,2024-06-13,Hanlan's Point Beach,4,E,16,No,NA,12,3,LOW,clear,NA
12961,2024-06-13,Gibraltar Point Beach,4,E,16,No,NA,13,NA,LOW,clear,NA
12962,2024-06-13,Centre Island Beach,4,E,16,No,NA,13,5,LOW,clear,NA
12963,2024-06-13,Ward's Island Beach,4,E,16,No,NA,13,NA,LOW,clear,NA
12964,2024-06-13,Cherry Beach,4,E,16,No,NA,14,3,NONE,clear,NA
12965,2024-06-13,Woodbine Beaches,4,E,16,No,NA,11,NA,NONE,clear,NA
12966,2024-06-13,Kew Balmy Beach,4,E,16,No,NA,11,NA,NONE,clear,NA
12967,2024-06-13,Bluffer's Beach Park,4,E,16,No,NA,10,NA,LOW,cloudy,NA
12998,2024-05-21,Marie Curtis Park East Beach,9,SE,18,No,NA,17,NA,NONE,cloudy,2.32
12999,2024-05-21,Sunnyside Beach,9,SE,18,No,NA,18,NA,NONE,clear,1.9
13000,2024-05-21,Hanlan's Point Beach,9,SE,18,No,NA,16,NA,NONE,clear,NA
13001,2024-05-21,Gibraltar Point Beach,9,SE,18,No,NA,16,NA,NONE,clear,NA
13002,2024-05-21,Centre Island Beach,9,SE,18,No,NA,16,NA,NONE,clear,NA
13003,2024-05-21,Ward's Island Beach,9,SE,18,No,NA,17,NA,NONE,clear,NA
13004,2024-05-21,Cherry Beach,9,SE,18,No,NA,18,4,NONE,clear,NA
13005,2024-05-21,Woodbine Beaches,9,SE,18,No,NA,15,12,NONE,clear,NA
13006,2024-05-21,Kew Balmy Beach,9,SE,18,No,NA,15,41,NONE,clear,NA
13007,2024-05-21,Bluffer's Beach Park,9,SE,18,No,NA,15,16,NONE,clear,NA
13008,2024-08-09,Marie Curtis Park East Beach,15,E,22,No,NA,24,13,NONE,cloudy,2.4
13009,2024-08-09,Sunnyside Beach,15,E,22,No,NA,23,22,LOW,cloudy,0.63
13010,2024-08-09,Hanlan's Point Beach,15,E,22,No,NA,21,20,NONE,cloudy,NA
13011,2024-08-09,Gibraltar Point Beach,15,E,22,No,NA,22,NA,MOD,murky,NA
13012,2024-08-09,Centre Island Beach,15,E,22,No,NA,23,17,NONE,murky,NA
13013,2024-08-09,Ward's Island Beach,15,E,22,No,NA,22,8,LOW,murky,NA
13014,2024-08-09,Cherry Beach,15,E,22,No,NA,23,40,NONE,cloudy,NA
13015,2024-08-09,Woodbine Beaches,15,E,22,No,NA,21,NA,LOW,murky,NA
13016,2024-08-09,Kew Balmy Beach,15,E,22,No,NA,20,18,LOW,murky,NA
13017,2024-08-09,Bluffer's Beach Park,15,E,22,No,NA,21,36,MOD,murky,NA
13108,2024-05-26,Marie Curtis Park East Beach,11,N,14,Yes,7,14,9,NONE,Clear,0.72
13109,2024-05-26,Sunnyside Beach,11,N,14,Yes,7,15,2,NONE,Clear,0.83
13110,2024-05-26,Hanlan's Point Beach,11,N,14,Yes,7,13,NA,NONE,Clear,NA
13111,2024-05-26,Gibraltar Point Beach,11,N,14,Yes,7,13,NA,NONE,Cloudy,NA
13112,2024-05-26,Centre Island Beach,11,N,14,Yes,7,13,4,NONE,Clear,NA
13113,2024-05-26,Ward's Island Beach,11,N,14,Yes,7,13,NA,NONE,Clear,NA
13114,2024-05-26,Cherry Beach,11,N,14,Yes,7,12,26,NONE,Clear,NA
13115,2024-05-26,Woodbine Beaches,11,N,14,Yes,7,13,NA,NONE,Cloudy,NA
13116,2024-05-26,Kew Balmy Beach,11,N,14,Yes,7,13,10,NONE,Cloudy,NA
13117,2024-05-26,Bluffer's Beach Park,11,N,14,Yes,7,14,20,NONE,Cloudy,NA
13118,2024-08-04,Marie Curtis Park East Beach,13,NW,21,No,NA,23,NA,NONE,clear,1.11
13119,2024-08-04,Sunnyside Beach,13,NW,21,No,NA,24,31,NONE,clear,1.13
13120,2024-08-04,Hanlan's Point Beach,13,NW,21,No,NA,23,NA,NONE,clear,NA
13121,2024-08-04,Gibraltar Point Beach,13,NW,21,No,NA,22,NA,NONE,clear,NA
13122,2024-08-04,Centre Island Beach,13,NW,21,No,NA,24,NA,NONE,clear,NA
13123,2024-08-04,Ward's Island Beach,13,NW,21,No,NA,23,NA,NONE,clear,NA
13124,2024-08-04,Cherry Beach,13,NW,21,No,NA,25,NA,NONE,clear,NA
13125,2024-08-04,Woodbine Beaches,13,NW,21,No,NA,20,NA,NONE,Clear ,NA
13126,2024-08-04,Kew Balmy Beach,13,NW,21,No,NA,20,23,NONE,Clear,NA
13127,2024-08-04,Bluffer's Beach Park,13,NW,21,No,NA,21,2,NONE,Clear,NA
13128,2024-08-05,Marie Curtis Park East Beach,22,NE,22,No,NA,21,9,NONE,Clear,1.11
13129,2024-08-05,Sunnyside Beach,22,NE,22,No,NA,21,29,NONE,Clear but with debris and algae ,0.94
13130,2024-08-05,Hanlan's Point Beach,22,NE,22,No,NA,22,12,NONE,Clear,NA
13131,2024-08-05,Gibraltar Point Beach,22,NE,22,No,NA,22,NA,NONE,Clear,NA
13132,2024-08-05,Centre Island Beach,22,NE,22,No,NA,23,7,NONE,Clear,NA
13133,2024-08-05,Ward's Island Beach,22,NE,22,No,NA,24,3,NONE,Clear ,NA
13134,2024-08-05,Cherry Beach,22,NE,22,No,NA,24,2,NONE,Clear ,NA
13135,2024-08-05,Woodbine Beaches,22,NE,22,No,NA,20,NA,NONE,clear,NA
13136,2024-08-05,Kew Balmy Beach,22,NE,22,No,NA,20,1,LOW,clear,NA
13137,2024-08-05,Bluffer's Beach Park,22,NE,22,No,NA,19,17,NONE,cloudy,NA
13138,2024-08-06,Marie Curtis Park East Beach,15,NE,19,Yes,7,23,NA,NONE,Murky,3.54
13139,2024-08-06,Sunnyside Beach,15,NE,19,Yes,7,23,NA,NONE,Murky,0.9
13140,2024-08-06,Hanlan's Point Beach,15,NE,19,Yes,7,21,NA,LOW,Clear,NA
13141,2024-08-06,Gibraltar Point Beach,15,NE,19,Yes,7,22,NA,HIGH,Clear,NA
13172,2024-07-18,Marie Curtis Park East Beach,26,NW,17,No,NA,19,NA,NONE,"Murky, bird feathers",11.2
13173,2024-07-18,Sunnyside Beach,26,NW,17,No,NA,20,41,NONE,"Murky, heavy debris at shore",3.15
13174,2024-07-18,Hanlan's Point Beach,26,NW,17,No,NA,18,NA,NONE,Murky,NA
13175,2024-07-18,Gibraltar Point Beach,26,NW,17,No,NA,20,9,NONE,Murky,NA
13176,2024-07-18,Centre Island Beach,26,NW,17,No,NA,21,15,NONE,Cloudy,NA
13177,2024-07-18,Ward's Island Beach,26,NW,17,No,NA,21,NA,NONE,Murky ,NA
13178,2024-07-18,Cherry Beach,26,NW,17,No,NA,22,5,NONE,Murky ,NA
13179,2024-07-18,Woodbine Beaches,26,NW,17,No,NA,21,NA,NONE,Clear,NA
13180,2024-07-18,Kew Balmy Beach,26,NW,17,No,NA,21,5,NONE,Clear ,NA
13181,2024-07-18,Bluffer's Beach Park,26,NW,17,No,NA,19,4,NONE,Clear ,NA
13182,2024-07-20,Marie Curtis Park East Beach,8,SW,18,No,NA,18,NA,NONE,Murky,1.83
13183,2024-07-20,Sunnyside Beach,8,SW,18,No,NA,20,15,NONE,"Murky, Lots of debris ",2.35
13184,2024-07-20,Hanlan's Point Beach,8,SW,18,No,NA,21,NA,NONE,Cloudy,NA
13185,2024-07-20,Gibraltar Point Beach,8,SW,18,No,NA,21,NA,NONE,Cloudy,NA
13186,2024-07-20,Centre Island Beach,8,SW,18,No,NA,22,2,NONE,Clear,NA
13187,2024-07-20,Ward's Island Beach,8,SW,18,No,NA,22,4,NONE,Cloudy ,NA
13188,2024-07-20,Cherry Beach,8,SW,18,No,NA,23,NA,NONE,Cloudy ,NA
13189,2024-07-20,Woodbine Beaches,8,SW,18,No,NA,20,2,NONE,Cloudy,NA
13190,2024-07-20,Kew Balmy Beach,8,SW,18,No,NA,18,30,NONE,Murky ,NA
13191,2024-07-20,Bluffer's Beach Park,8,SW,18,No,NA,16,5,NONE,Clear ,NA
13192,2024-07-21,Marie Curtis Park East Beach,9,SW,20,No,NA,20,NA,NONE,Murky,3.71
13193,2024-07-21,Sunnyside Beach,9,SW,20,No,NA,20,28,NONE,Clear ,1.59
13194,2024-07-21,Hanlan's Point Beach,9,SW,20,No,NA,21,2,NONE,Cloudy,NA
13195,2024-07-21,Gibraltar Point Beach,9,SW,20,No,NA,22,6,NONE,Cloudy,NA
13196,2024-07-21,Centre Island Beach,9,SW,20,No,NA,22,NA,NONE,Clear ,NA
13197,2024-07-21,Ward's Island Beach,9,SW,20,No,NA,23,NA,NONE,Cloudy ,NA
13198,2024-07-21,Cherry Beach,9,SW,20,No,NA,24,NA,NONE,Cloudy ,NA
13199,2024-07-21,Woodbine Beaches,9,SW,20,No,NA,20,15,NONE,clear,NA
13200,2024-07-21,Kew Balmy Beach,9,SW,20,No,NA,19,25,NONE,clear,NA
13201,2024-07-21,Bluffer's Beach Park,9,SW,20,No,NA,16,15,NONE,clear,NA
13202,2024-07-22,Marie Curtis Park East Beach,9,W,19,No,NA,20,NA,NONE,murky,2.65
13203,2024-07-22,Sunnyside Beach,9,W,19,No,NA,20,14,NONE,debris,1.22
13204,2024-07-22,Hanlan's Point Beach,9,W,19,No,NA,22,4,NONE,cloudy,NA
13205,2024-07-22,Gibraltar Point Beach,9,W,19,No,NA,21,NA,NONE,cloudy,NA
13206,2024-07-22,Centre Island Beach,9,W,19,No,NA,22,6,NONE,cloudy,NA
13207,2024-07-22,Ward's Island Beach,9,W,19,No,NA,21,NA,NONE,murky,NA
13208,2024-07-22,Cherry Beach,9,W,19,No,NA,23,3,NONE,murky,NA
13209,2024-07-22,Woodbine Beaches,9,W,19,No,NA,20,5,NONE,cloudy,NA
13210,2024-07-22,Kew Balmy Beach,9,W,19,No,NA,20,31,NONE,cloudy,NA
13211,2024-07-22,Bluffer's Beach Park,9,W,19,No,NA,18,20,NONE,clear,NA
13272,2024-08-24,Marie Curtis Park East Beach,8,W,17,No,NA,20,NA,NONE,Murky,1.35
13273,2024-08-24,Sunnyside Beach,8,W,17,No,NA,20,5,NONE,Clear,1.87
13274,2024-08-24,Hanlan's Point Beach,8,W,17,No,NA,20,NA,NONE,Clear,NA
13275,2024-08-24,Gibraltar Point Beach,8,W,17,No,NA,21,NA,NONE,Clear,NA
13276,2024-08-24,Centre Island Beach,8,W,17,No,NA,19,NA,NONE,Clear,NA
13277,2024-08-24,Ward's Island Beach,8,W,17,No,NA,20,NA,NONE,Clear,NA
13278,2024-08-24,Cherry Beach,8,W,17,No,NA,20,NA,NONE,Clear,NA
13279,2024-08-24,Woodbine Beaches,8,W,17,No,NA,17,12,NONE,Clear,NA
13280,2024-08-24,Kew Balmy Beach,8,W,17,No,NA,17,13,NONE,Clear,NA
13281,2024-08-24,Bluffer's Beach Park,8,W,17,No,NA,16,15,NONE,Clear,NA
13322,2024-06-05,Marie Curtis Park East Beach,18,E,19,No,NA,18,20,NONE,clear,1.04
13323,2024-06-05,Sunnyside Beach,18,E,19,No,NA,18,5,NONE,clear,1.4
13324,2024-06-05,Hanlan's Point Beach,18,E,19,No,NA,16,NA,LOW,clear,NA
13325,2024-06-05,Gibraltar Point Beach,18,E,19,No,NA,16,NA,LOW,clear,NA
13326,2024-06-05,Centre Island Beach,18,E,19,No,NA,17,2,NONE,clear,NA
13327,2024-06-05,Ward's Island Beach,18,E,19,No,NA,16,NA,NONE,clear,NA
13328,2024-06-05,Cherry Beach,18,E,19,No,NA,18,16,NONE,clear,NA
13329,2024-06-05,Woodbine Beaches,18,E,19,No,NA,13,NA,NONE,clear,NA
13330,2024-06-05,Kew Balmy Beach,18,E,19,No,NA,12,NA,NONE,clear,NA
13331,2024-06-05,Bluffer's Beach Park,18,E,19,No,NA,16,48,NONE,clear,NA
13423,2024-07-17,Marie Curtis Park East Beach,11,NW,21,Yes,87,20,NA,NONE,Debris,5.01
13424,2024-07-17,Sunnyside Beach,11,NW,21,Yes,87,21,NA,NONE,Debris,4.52
13425,2024-07-17,Hanlan's Point Beach,11,NW,21,Yes,87,20,6,NONE,Cloudy,NA
13426,2024-07-17,Gibraltar Point Beach,11,NW,21,Yes,87,23,NA,NONE,Cloudy,NA
13427,2024-07-17,Centre Island Beach,11,NW,21,Yes,87,21,11,NONE,Cloudy,NA
13428,2024-07-17,Ward's Island Beach,11,NW,21,Yes,87,22,NA,NONE,Murky,NA
13429,2024-07-17,Cherry Beach,11,NW,21,Yes,87,24,NA,NONE,Murky,NA
13430,2024-07-17,Woodbine Beaches,11,NW,21,Yes,87,20,NA,NONE,cloudy,NA
13431,2024-07-17,Kew Balmy Beach,11,NW,21,Yes,87,20,38,NONE,cloudy,NA
13432,2024-07-17,Bluffer's Beach Park,11,NW,21,Yes,87,20,4,NONE,cloudy,NA
13433,2024-08-06,Centre Island Beach,15,NE,19,Yes,7,22,5,NONE,Algae,NA
13434,2024-08-06,Ward's Island Beach,15,NE,19,Yes,7,22,NA,NONE,Clear,NA
13435,2024-08-06,Cherry Beach,15,NE,19,Yes,7,22,NA,NONE,Murky,NA
13436,2024-08-06,Woodbine Beaches,15,NE,19,Yes,7,23,NA,HIGH,cloudy,NA
13437,2024-08-06,Kew Balmy Beach,15,NE,19,Yes,7,22,7,HIGH,cloudy,NA
13438,2024-08-06,Bluffer's Beach Park,15,NE,19,Yes,7,29,NA,LOW,murky debris,NA
13549,2024-08-12,Marie Curtis Park East Beach,13,W,16,Yes,1,14,6,NONE,Clear,0.34
13550,2024-08-12,Sunnyside Beach,13,W,16,Yes,1,15,28,NONE,Clear,0.6
13551,2024-08-12,Hanlan's Point Beach,13,W,16,Yes,1,15,2,NONE,Clear,NA
13552,2024-08-12,Gibraltar Point Beach,13,W,16,Yes,1,18,30,NONE,Cloudy,NA
13553,2024-08-12,Centre Island Beach,13,W,16,Yes,1,19,38,NONE,Murky,NA
13554,2024-08-12,Ward's Island Beach,13,W,16,Yes,1,20,NA,NONE,Clear,NA
13555,2024-08-12,Cherry Beach,13,W,16,Yes,1,22,8,NONE,Clear,NA
13556,2024-08-12,Woodbine Beaches,13,W,16,Yes,1,11,NA,NONE,clear,NA
13557,2024-08-12,Kew Balmy Beach,13,W,16,Yes,1,12,16,NONE,clear,NA
13558,2024-08-12,Bluffer's Beach Park,13,W,16,Yes,1,10,NA,NONE,clear,NA
13599,2024-06-27,Marie Curtis Park East Beach,11,NW,15,Yes,4,15,2,NONE,clear,0.85
13600,2024-06-27,Sunnyside Beach,11,NW,15,Yes,4,17,37,NONE,clear,1.85
13601,2024-06-27,Hanlan's Point Beach,11,NW,15,Yes,4,15,32,NONE,clear,NA
13602,2024-06-27,Gibraltar Point Beach,11,NW,15,Yes,4,13,NA,NONE,clear,NA
13603,2024-06-27,Centre Island Beach,11,NW,15,Yes,4,16,22,NONE,clear,NA
13604,2024-06-27,Ward's Island Beach,11,NW,15,Yes,4,16,16,NONE,clear,NA
13605,2024-06-27,Cherry Beach,11,NW,15,Yes,4,18,4,NONE,clear,NA
13606,2024-06-27,Woodbine Beaches,11,NW,15,Yes,4,8,NA,NONE,clear,NA
13607,2024-06-27,Kew Balmy Beach,11,NW,15,Yes,4,8,67,NONE,clear,NA
13608,2024-06-27,Bluffer's Beach Park,11,NW,15,Yes,4,13,NA,NONE,clear,NA
13639,2024-06-23,Marie Curtis Park East Beach,5,E,20,Yes,2,19,22,NONE,Cloudy,NA
13640,2024-06-23,Sunnyside Beach,5,E,20,Yes,2,19,22,NONE,Cloudy,NA
13641,2024-06-23,Hanlan's Point Beach,5,E,20,Yes,2,19,3,NONE,Cloudy,NA
13642,2024-06-23,Gibraltar Point Beach,5,E,20,Yes,2,19,NA,LOW,Cloudy,NA
13643,2024-06-23,Centre Island Beach,5,E,20,Yes,2,20,NA,NONE,Clear,NA
13644,2024-06-23,Ward's Island Beach,5,E,20,Yes,2,18,30,NONE,Debris,NA
13645,2024-06-23,Cherry Beach,5,E,20,Yes,2,18,10,NONE,Cloudy,NA
13646,2024-06-23,Woodbine Beaches,5,E,20,Yes,2,15,NA,MOD,murky,NA
13647,2024-06-23,Kew Balmy Beach,5,E,20,Yes,2,16,7,MOD,murky,NA
13648,2024-06-23,Bluffer's Beach Park,5,E,20,Yes,2,17,17,LOW,"murky, debris",NA
13649,2024-06-24,Marie Curtis Park East Beach,11,NW,19,Yes,0,14,NA,NONE,Murky,2.52
13650,2024-06-24,Sunnyside Beach,11,NW,19,Yes,0,18,NA,NONE,Murky,1.98
13651,2024-06-24,Hanlan's Point Beach,11,NW,19,Yes,0,12,17,NONE,Clear,NA
13652,2024-06-24,Gibraltar Point Beach,11,NW,19,Yes,0,14,NA,NONE,Clear,NA
13653,2024-06-24,Centre Island Beach,11,NW,19,Yes,0,16,3,NONE,Clear,NA
13654,2024-06-24,Ward's Island Beach,11,NW,19,Yes,0,16,NA,NONE,Clear,NA
13655,2024-06-24,Cherry Beach,11,NW,19,Yes,0,16,NA,NONE,Clear,NA
13656,2024-06-24,Woodbine Beaches,11,NW,19,Yes,0,15,NA,NONE,Clear,NA
13657,2024-06-24,Kew Balmy Beach,11,NW,19,Yes,0,14,16,NONE,Clear,NA
13658,2024-06-24,Bluffer's Beach Park,11,NW,19,Yes,0,16,48,NONE,Clear,NA
13759,2024-08-10,Marie Curtis Park East Beach,18,W,17,Yes,7,23,NA,MOD,murky,1.97
13760,2024-08-10,Sunnyside Beach,18,W,17,Yes,7,22,36,NONE,clear,1.36
13761,2024-08-10,Hanlan's Point Beach,18,W,17,Yes,7,22,NA,HIGH,cloudy,NA
13762,2024-08-10,Gibraltar Point Beach,18,W,17,Yes,7,22,NA,HIGH,cloudy,NA
13763,2024-08-10,Centre Island Beach,18,W,17,Yes,7,NA,NA,None,None,NA
13764,2024-08-10,Ward's Island Beach,18,W,17,Yes,7,23,NA,LOW,cloudy,NA
13765,2024-08-10,Cherry Beach,18,W,17,Yes,7,24,NA,LOW,cloudy,NA
13766,2024-08-10,Woodbine Beaches,18,W,17,Yes,7,22,NA,NONE,Murky,NA
13767,2024-08-10,Kew Balmy Beach,18,W,17,Yes,7,22,NA,LOW,Murky,NA
13768,2024-08-10,Bluffer's Beach Park,18,W,17,Yes,7,21,NA,NONE,Clear,NA
13769,2024-08-11,Marie Curtis Park East Beach,18,SW,17,No,NA,20,NA,LOW,clear,7.45
13770,2024-08-11,Sunnyside Beach,18,SW,17,No,NA,21,NA,NONE,algae,1.37
13771,2024-08-11,Hanlan's Point Beach,18,SW,17,No,NA,20,NA,HIGH,clear,NA
13772,2024-08-11,Gibraltar Point Beach,18,SW,17,No,NA,20,NA,HIGH,clear,NA
13773,2024-08-11,Centre Island Beach,18,SW,17,No,NA,20,12,NONE,clear,NA
13774,2024-08-11,Ward's Island Beach,18,SW,17,No,NA,21,NA,LOW,debris,NA
13775,2024-08-11,Cherry Beach,18,SW,17,No,NA,21,NA,LOW,debris,NA
13776,2024-08-11,Woodbine Beaches,18,SW,17,No,NA,21,NA,LOW,Cloudy,NA
13777,2024-08-11,Kew Balmy Beach,18,SW,17,No,NA,20,7,LOW,Cloudy,NA
13778,2024-08-11,Bluffer's Beach Park,18,SW,17,No,NA,18,NA,LOW,Cloudy,NA
13789,2024-07-15,Marie Curtis Park East Beach,18,SW,22,Yes,2,22,NA,NONE,debris,1.02
13790,2024-07-15,Sunnyside Beach,18,SW,22,Yes,2,24,15,NONE,debris,1.57
13791,2024-07-15,Hanlan's Point Beach,18,SW,22,Yes,2,23,NA,LOW,cloudy,NA
13792,2024-07-15,Gibraltar Point Beach,18,SW,22,Yes,2,23,NA,LOW,cloudy,NA
13793,2024-07-15,Centre Island Beach,18,SW,22,Yes,2,23,NA,NONE,clear,NA
13794,2024-07-15,Ward's Island Beach,18,SW,22,Yes,2,23,NA,LOW,cloudy,NA
13795,2024-07-15,Cherry Beach,18,SW,22,Yes,2,24,NA,LOW,cloudy,NA
13796,2024-07-15,Woodbine Beaches,18,SW,22,Yes,2,20,2,NONE,cloudy,NA
13797,2024-07-15,Kew Balmy Beach,18,SW,22,Yes,2,20,38,NONE,cloudy,NA
13798,2024-07-15,Bluffer's Beach Park,18,SW,22,Yes,2,20,1,NONE,clear,NA
13799,2024-08-01,Marie Curtis Park East Beach,15,NW,23,Yes,1,23,NA,NONE,Murky ,1.13
13800,2024-08-01,Sunnyside Beach,15,NW,23,Yes,1,24,30,NONE,Murky,0.83
13801,2024-08-01,Hanlan's Point Beach,15,NW,23,Yes,1,24,4,NONE,Clear,NA
13802,2024-08-01,Gibraltar Point Beach,15,NW,23,Yes,1,24,NA,NONE,Clear,NA
13803,2024-08-01,Centre Island Beach,15,NW,23,Yes,1,25,12,NONE,Clear,NA
13804,2024-08-01,Ward's Island Beach,15,NW,23,Yes,1,26,NA,NONE,Clear ,NA
13805,2024-08-01,Cherry Beach,15,NW,23,No,1,27,4,NONE,Clear ,NA
13806,2024-08-01,Woodbine Beaches,15,NW,23,No,1,22,NA,NONE,Clear,NA
13807,2024-08-01,Kew Balmy Beach,15,NW,23,No,1,21,35,NONE,Clear,NA
13808,2024-08-01,Bluffer's Beach Park,15,NW,23,No,1,22,9,NONE,Clear ,NA
13929,2024-07-10,Marie Curtis Park East Beach,18,N,20,No,NA,21,NA,LOW,Debris ,1.4
13930,2024-07-10,Sunnyside Beach,18,N,20,No,NA,22,NA,NONE,Debris ,0.83
13931,2024-07-10,Hanlan's Point Beach,18,N,20,No,NA,20,NA,NONE,Cloudy ,NA
13932,2024-07-10,Gibraltar Point Beach,18,N,20,No,NA,22,NA,NONE,Cloudy,NA
13933,2024-07-10,Centre Island Beach,18,N,20,No,NA,22,NA,NONE,Cloudy ,NA
13934,2024-07-10,Ward's Island Beach,18,N,20,No,NA,23,NA,NONE,Cloudy ,NA
13935,2024-07-10,Cherry Beach,18,N,20,No,NA,26,NA,NONE,Cloudy ,NA
13936,2024-07-10,Woodbine Beaches,18,N,20,No,NA,20,2,NONE,Clear ,NA
13937,2024-07-10,Kew Balmy Beach,18,N,20,No,NA,19,NA,NONE,Clear,NA
13938,2024-07-10,Bluffer's Beach Park,18,N,20,No,NA,20,NA,NONE,Clear ,NA
14139,2024-05-25,Marie Curtis Park East Beach,32,NE,14,No,NA,14,4,MOD,Murky,0.88
14140,2024-05-25,Sunnyside Beach,32,NE,14,No,NA,15,10,NONE,Clear,0.74
14141,2024-05-25,Hanlan's Point Beach,32,NE,14,No,NA,NA,NA,None,None,NA
14142,2024-05-25,Gibraltar Point Beach,32,NE,14,No,NA,NA,NA,None,None,NA
14143,2024-05-25,Centre Island Beach,32,NE,14,No,NA,NA,NA,None,None,NA
14144,2024-05-25,Ward's Island Beach,32,NE,14,No,NA,NA,NA,None,None,NA
14145,2024-05-25,Cherry Beach,32,NE,14,No,NA,NA,NA,None,None,NA
14146,2024-05-25,Woodbine Beaches,32,NE,14,No,NA,12,NA,MOD,clear,NA
14147,2024-05-25,Kew Balmy Beach,32,NE,14,No,NA,11,NA,MOD,clear,NA
14148,2024-05-25,Bluffer's Beach Park,32,NE,14,No,NA,12,NA,MOD,clear,NA
14229,2024-07-09,Marie Curtis Park East Beach,13,NW,23,No,NA,22,NA,NONE,clear,0.55
14230,2024-07-09,Sunnyside Beach,13,NW,23,No,NA,23,7,NONE,clear,0.56
14231,2024-07-09,Hanlan's Point Beach,13,NW,23,No,NA,22,15,NONE,clear,NA
14232,2024-07-09,Gibraltar Point Beach,13,NW,23,No,NA,22,11,NONE,clear,NA
14233,2024-07-09,Centre Island Beach,13,NW,23,No,NA,22,54,NONE,clear,NA
14234,2024-07-09,Ward's Island Beach,13,NW,23,No,NA,24,NA,NONE,clear,NA
14235,2024-07-09,Cherry Beach,13,NW,23,No,NA,25,NA,NONE,clear,NA
14236,2024-07-09,Woodbine Beaches,13,NW,23,No,NA,20,3,NONE,Cloudy ,NA
14237,2024-07-09,Kew Balmy Beach,13,NW,23,No,NA,20,17,NONE,Cloudy ,NA
14238,2024-07-09,Bluffer's Beach Park,13,NW,23,No,NA,17,4,NONE,Clear ,NA
14439,2024-08-07,Marie Curtis Park East Beach,9,N,18,Yes,0,NA,NA,None,None,NA
14440,2024-08-07,Sunnyside Beach,9,N,18,Yes,0,NA,NA,None,None,NA
14441,2024-08-07,Hanlan's Point Beach,9,N,18,Yes,0,19,NA,MOD,Cloudy,NA
14442,2024-08-07,Gibraltar Point Beach,9,N,18,Yes,0,20,NA,HIGH,Cloudy,NA
14443,2024-08-07,Centre Island Beach,9,N,18,Yes,0,22,NA,HIGH,Clear,NA
14444,2024-08-07,Ward's Island Beach,9,N,18,Yes,0,22,NA,NONE,Clear ,NA
14445,2024-08-07,Cherry Beach,9,N,18,Yes,0,23,NA,NONE,Clear ,NA
14446,2024-08-07,Woodbine Beaches,9,N,18,Yes,0,21,NA,MOD,Murky,NA
14447,2024-08-07,Kew Balmy Beach,9,N,18,Yes,0,21,NA,MOD,Algae,NA
14448,2024-08-07,Bluffer's Beach Park,9,N,18,Yes,0,19,3,HIGH,Murky ,NA
14449,2024-09-05,Marie Curtis Park East Beach,NA,N,18,No,NA,NA,NA,None,None,NA
14450,2024-09-05,Sunnyside Beach,NA,N,18,No,NA,20,13,NONE,clear,0.71
14451,2024-09-05,Hanlan's Point Beach,NA,N,18,No,NA,NA,NA,None,None,NA
14452,2024-09-05,Gibraltar Point Beach,NA,N,18,No,NA,NA,NA,None,None,NA
14453,2024-09-05,Centre Island Beach,NA,N,18,No,NA,NA,NA,None,None,NA
14454,2024-09-05,Ward's Island Beach,NA,N,18,No,NA,NA,NA,None,None,NA
14455,2024-09-05,Cherry Beach,NA,N,16,No,NA,22,NA,NONE,Clear,NA
14456,2024-09-05,Woodbine Beaches,NA,N,16,No,NA,18,NA,LOW,None,NA
14457,2024-09-05,Kew Balmy Beach,NA,N,16,No,NA,NA,NA,None,None,NA
14458,2024-09-05,Bluffer's Beach Park,NA,N,16,No,NA,NA,NA,None,None,NA
14499,2024-07-30,Marie Curtis Park East Beach,15,NE,24,No,NA,24,NA,NONE,clear,1.89
14500,2024-07-30,Sunnyside Beach,15,NE,24,No,NA,24,NA,NONE,clear,0.57
14501,2024-07-30,Hanlan's Point Beach,15,NE,24,No,NA,22,NA,NONE,clear,NA
14502,2024-07-30,Gibraltar Point Beach,15,NE,24,No,NA,23,NA,NONE,clear,NA
14503,2024-07-30,Centre Island Beach,15,NE,24,No,NA,24,NA,NONE,clear,NA
14504,2024-07-30,Ward's Island Beach,15,NE,24,No,NA,24,NA,NONE,clear,NA
14505,2024-07-30,Cherry Beach,15,NE,24,No,NA,26,NA,NONE,clear,NA
14506,2024-07-30,Woodbine Beaches,15,NE,24,No,NA,22,2,LOW,cloudy,NA
14507,2024-07-30,Kew Balmy Beach,15,NE,24,No,NA,22,11,LOW,cloudy,NA
14508,2024-07-30,Bluffer's Beach Park,15,NE,24,No,NA,21,3,LOW,cloudy,NA
14659,2024-07-13,Marie Curtis Park East Beach,9,W,19,Yes,7,22,NA,NONE,Cloudy,0.8
14660,2024-07-13,Sunnyside Beach,9,W,19,Yes,7,22,1,NONE,Clear ,0.8
14661,2024-07-13,Hanlan's Point Beach,9,W,19,Yes,7,22,18,NONE,Clear,NA
14662,2024-07-13,Gibraltar Point Beach,9,W,19,Yes,7,21,NA,NONE,Clear,NA
14663,2024-07-13,Centre Island Beach,9,W,19,Yes,7,22,2,NONE,Murky ,NA
14664,2024-07-13,Ward's Island Beach,9,W,19,Yes,7,23,NA,NONE,Clear ,NA
14665,2024-07-13,Cherry Beach,9,W,19,Yes,7,23,1,NONE,Algae,NA
14666,2024-07-13,Woodbine Beaches,9,W,19,Yes,7,22,15,NONE,Cloudy,NA
14667,2024-07-13,Kew Balmy Beach,9,W,19,Yes,7,21,26,NONE,Cloudy ,NA
14668,2024-07-13,Bluffer's Beach Park,9,W,19,Yes,7,20,2,NONE,Clear ,NA
14669,2024-07-14,Marie Curtis Park East Beach,4,S,21,Yes,0,22,NA,NONE,Clear,1.2
14670,2024-07-14,Sunnyside Beach,4,S,21,Yes,0,24,8,NONE,Clear ,0.91
14671,2024-07-14,Hanlan's Point Beach,4,S,21,Yes,0,23,4,NONE,Clear,NA
14672,2024-07-14,Gibraltar Point Beach,4,S,21,Yes,0,23,NA,NONE,Clear ,NA
14673,2024-07-14,Centre Island Beach,4,S,21,Yes,0,23,8,NONE,Clear,NA
14674,2024-07-14,Ward's Island Beach,4,S,21,Yes,0,24,6,NONE,Clear,NA
14675,2024-07-14,Cherry Beach,4,N,21,No,0,26,5,NONE,Clear ,NA
14676,2024-07-14,Woodbine Beaches,4,N,21,No,0,22,7,NONE,Clear,NA
14677,2024-07-14,Kew Balmy Beach,4,N,21,No,0,21,27,NONE,Clear,NA
14678,2024-07-14,Bluffer's Beach Park,4,N,21,No,0,20,NA,NONE,Clear ,NA
14679,2024-08-22,Marie Curtis Park East Beach,15,NW,14,No,NA,18,7,NONE,Clear,1.33
14680,2024-08-22,Sunnyside Beach,15,NW,14,No,NA,18,13,NONE,"Light debris, clear water",0.95
14681,2024-08-22,Hanlan's Point Beach,15,NW,14,No,NA,19,4,NONE,clear,NA
14682,2024-08-22,Gibraltar Point Beach,15,NW,14,No,NA,9,16,NONE,clear,NA
14683,2024-08-22,Centre Island Beach,15,NW,14,No,NA,18,8,NONE,clear,NA
14684,2024-08-22,Ward's Island Beach,15,NW,14,No,NA,18,1,NONE,clear,NA
14685,2024-08-22,Cherry Beach,15,NW,14,No,NA,18,9,NONE,Clear,NA
14686,2024-08-22,Woodbine Beaches,15,NW,14,No,NA,16,NA,NONE,Clear,NA
14687,2024-08-22,Kew Balmy Beach,15,NW,14,No,NA,17,4,NONE,Clear,NA
14688,2024-08-22,Bluffer's Beach Park,15,NW,14,No,NA,18,3,NONE,Clear,NA
14799,2024-06-10,Marie Curtis Park East Beach,18,NW,13,Yes,3,8,NA,NONE,Clear,0.39
14800,2024-06-10,Sunnyside Beach,18,NW,13,Yes,3,9,3,NONE,Clear,0.33
14801,2024-06-10,Hanlan's Point Beach,18,NW,13,Yes,3,8,4,NONE,Clear,NA
14802,2024-06-10,Gibraltar Point Beach,18,NW,13,Yes,3,8,NA,NONE,Clear,NA
14803,2024-06-10,Centre Island Beach,18,NW,13,Yes,3,12,2,NONE,Clear,NA
14804,2024-06-10,Ward's Island Beach,18,NW,13,Yes,3,12,NA,NONE,Clear,NA
14805,2024-06-10,Cherry Beach,18,NW,13,Yes,3,15,3,NONE,Clear,NA
14806,2024-06-10,Woodbine Beaches,18,NW,13,Yes,3,8,1,NONE,Clear,NA
14807,2024-06-10,Kew Balmy Beach,18,NW,13,Yes,3,8,2,NONE,Clear,NA
14808,2024-06-10,Bluffer's Beach Park,18,NW,13,Yes,3,5,10,NONE,Clear,NA
14829,2024-06-01,Marie Curtis Park East Beach,4,S,13,No,NA,13,5,NONE,clear,1.38
14830,2024-06-01,Sunnyside Beach,4,S,13,No,NA,15,15,NONE,clear,2.85
14831,2024-06-01,Hanlan's Point Beach,4,S,13,No,NA,13,NA,NONE,clear,NA
14832,2024-06-01,Gibraltar Point Beach,4,S,13,No,NA,14,NA,NONE,clear,NA
14833,2024-06-01,Centre Island Beach,4,S,13,No,NA,14,8,NONE,clear,NA
14834,2024-06-01,Ward's Island Beach,4,S,13,No,NA,15,NA,NONE,clear,NA
14835,2024-06-01,Cherry Beach,4,S,13,No,NA,15,NA,NONE,clear,NA
14836,2024-06-01,Woodbine Beaches,4,S,13,No,NA,10,NA,NONE,clear,NA
14837,2024-06-01,Kew Balmy Beach,4,S,13,No,NA,10,NA,NONE,clear,NA
14838,2024-06-01,Bluffer's Beach Park,4,S,13,No,NA,8,NA,NONE,clear,NA
14951,2024-08-02,Marie Curtis Park East Beach,13,NE,24,Yes,0,NA,NA,NONE,Debris ,2.17
14952,2024-08-02,Sunnyside Beach,13,NE,24,Yes,0,NA,NA,NONE,Debris ,0.76
14953,2024-08-02,Hanlan's Point Beach,13,NE,24,Yes,0,25,3,NONE,Clear,NA
14954,2024-08-02,Gibraltar Point Beach,13,NE,24,Yes,0,25,NA,NONE,Clear ,NA
14955,2024-08-02,Centre Island Beach,13,NE,24,Yes,0,25,24,NONE,Clear,NA
14956,2024-08-02,Ward's Island Beach,13,NE,24,Yes,0,26,NA,NONE,Cloudy ,NA
14957,2024-08-02,Cherry Beach,13,NE,24,Yes,0,26,NA,NONE,Clear,NA
14958,2024-08-02,Woodbine Beaches,13,NE,24,Yes,0,23,NA,NONE,Clear,NA
14959,2024-08-02,Kew Balmy Beach,13,NE,24,Yes,0,22,NA,NONE,Clear,NA
14960,2024-08-02,Bluffer's Beach Park,13,NE,24,Yes,0,24,8,LOW,Clear ,NA
14961,2024-09-07,Marie Curtis Park East Beach,15,W,13,Yes,3,NA,NA,None,None,NA
14962,2024-09-07,Sunnyside Beach,15,W,13,Yes,3,19,32,NONE,clear,0.77
14963,2024-09-07,Hanlan's Point Beach,15,W,13,Yes,3,NA,NA,None,None,NA
14964,2024-09-07,Gibraltar Point Beach,15,W,13,Yes,3,NA,NA,None,None,NA
14965,2024-09-07,Centre Island Beach,15,W,13,Yes,3,NA,NA,None,None,NA
14966,2024-09-07,Ward's Island Beach,15,W,13,Yes,3,NA,NA,None,None,NA
14967,2024-09-07,Cherry Beach,15,W,13,Yes,3,21,7,NONE,clear,NA
15048,2024-06-28,Marie Curtis Park East Beach,15,E,15,No,NA,14,NA,NONE,cloudy,NA
15049,2024-06-28,Sunnyside Beach,15,E,15,No,NA,15,30,NONE,cloudy,NA
15050,2024-06-28,Hanlan's Point Beach,15,E,15,No,NA,14,NA,NONE,clear,NA
15051,2024-06-28,Gibraltar Point Beach,15,E,15,No,NA,15,NA,NONE,clear,NA
15052,2024-06-28,Centre Island Beach,15,E,15,No,NA,17,7,NONE,clear,NA
15053,2024-06-28,Ward's Island Beach,15,E,15,No,NA,17,NA,NONE,clear,NA
15054,2024-06-28,Cherry Beach,15,E,15,No,NA,18,10,NONE,clear,NA
15055,2024-06-28,Woodbine Beaches,15,E,15,No,NA,8,NA,NONE,"clear, algae",NA
15056,2024-06-28,Kew Balmy Beach,15,E,15,No,NA,8,NA,NONE,clear,NA
15057,2024-06-28,Bluffer's Beach Park,15,E,15,No,NA,11,8,NONE,clear,NA
15108,2024-09-01,Marie Curtis Park East Beach,18,SW,20,Yes,6,22,NA,MOD,murky,1.2
15109,2024-09-01,Sunnyside Beach,18,SW,20,Yes,6,22,12,NONE,Murky,1.22
15110,2024-09-01,Hanlan's Point Beach,18,SW,20,Yes,6,22,NA,MOD,Murky,NA
15111,2024-09-01,Gibraltar Point Beach,18,SW,20,Yes,6,22,NA,MOD,Cloudy,NA
15112,2024-09-01,Centre Island Beach,18,SW,20,Yes,6,22,33,NONE,Cloudy,NA
15113,2024-09-01,Ward's Island Beach,18,SW,20,Yes,6,23,NA,MOD,Clear,NA
15114,2024-09-01,Cherry Beach,18,SW,20,Yes,6,23,NA,LOW,Clear,NA
15115,2024-09-01,Woodbine Beaches,18,SW,20,Yes,6,20,NA,LOW,Clear,NA
15116,2024-09-01,Kew Balmy Beach,18,SW,20,Yes,6,20,7,LOW,Clear,NA
15117,2024-09-01,Bluffer's Beach Park,18,SW,20,Yes,6,18,10,MOD,Clear,NA
15118,2024-09-02,Marie Curtis Park East Beach,9,NW,13,No,NA,23,34,NONE,Clear,NA
15119,2024-09-02,Sunnyside Beach,9,NW,13,No,NA,23,12,NONE,Clear,NA
15120,2024-09-02,Hanlan's Point Beach,9,NW,13,No,NA,18,NA,NONE,Clear,NA
15121,2024-09-02,Gibraltar Point Beach,9,NW,13,No,NA,21,NA,NONE,Clear,NA
15122,2024-09-02,Centre Island Beach,9,NW,13,No,NA,21,60,NONE,Clear,NA
15123,2024-09-02,Ward's Island Beach,9,NW,13,No,NA,21,3,NONE,Clear,NA
15124,2024-09-02,Cherry Beach,9,NW,13,No,NA,20,9,NONE,Clear,NA
15125,2024-09-02,Woodbine Beaches,9,NW,13,No,NA,20,3,NONE,Clear,NA
15126,2024-09-02,Kew Balmy Beach,9,NW,13,No,NA,21,25,NONE,Clear,NA
15127,2024-09-02,Bluffer's Beach Park,9,NW,13,No,NA,20,3,NONE,Clear,NA
15128,2024-09-03,Marie Curtis Park East Beach,17,N,14,N/A,NA,NA,NA,None,None,NA
15129,2024-09-03,Sunnyside Beach,17,N,14,N/A,NA,21,36,NONE,clear,7.73
15130,2024-09-03,Hanlan's Point Beach,17,N,14,N/A,NA,NA,NA,None,None,NA
15131,2024-09-03,Gibraltar Point Beach,17,N,14,N/A,NA,NA,NA,None,None,NA
15132,2024-09-03,Centre Island Beach,17,N,14,N/A,NA,NA,NA,None,None,NA
15133,2024-09-03,Ward's Island Beach,17,N,14,N/A,NA,NA,NA,None,None,NA
15134,2024-09-03,Cherry Beach,17,N,14,No,NA,22,11,NONE,clear,NA
15135,2024-09-03,Woodbine Beaches,17,N,14,No,NA,21,NA,NONE,clear,NA
15136,2024-09-03,Kew Balmy Beach,17,N,14,No,NA,22,NA,NONE,clear,NA
15137,2024-09-03,Bluffer's Beach Park,17,N,14,No,NA,NA,NA,None,None,NA
15168,2024-09-07,Woodbine Beaches,15,W,13,Yes,3,20,NA,NONE,CLEAR,NA
15169,2024-09-07,Kew Balmy Beach,15,W,13,Yes,3,21,NA,NONE,CLEAR,NA
15170,2024-09-07,Bluffer's Beach Park,15,W,13,Yes,3,NA,NA,None,None,NA
15231,2024-07-25,Marie Curtis Park East Beach,13,NW,17,Yes,11,17,NA,NONE,Clear,0.96
15232,2024-07-25,Sunnyside Beach,13,NW,17,Yes,11,21,7,NONE,Clear,0.8
15233,2024-07-25,Hanlan's Point Beach,13,NW,17,Yes,11,17,NA,LOW,Cloudy,NA
15234,2024-07-25,Gibraltar Point Beach,13,NW,17,Yes,11,20,NA,NONE,Cloudy,NA
15235,2024-07-25,Centre Island Beach,13,NW,17,Yes,11,21,NA,NONE,Clear,NA
15236,2024-07-25,Ward's Island Beach,13,NW,17,Yes,11,22,NA,NONE,Murky ,NA
15237,2024-07-25,Cherry Beach,13,NW,17,Yes,11,24,NA,NONE,Clear,NA
15238,2024-07-25,Woodbine Beaches,13,NW,17,Yes,11,18,NA,NONE,Clear ,NA
15239,2024-07-25,Kew Balmy Beach,13,NW,17,Yes,11,18,NA,NONE,Clear,NA
15240,2024-07-25,Bluffer's Beach Park,13,NW,17,Yes,11,17,15,NONE,Cloudy ,NA
15241,2024-08-17,Marie Curtis Park East Beach,15,NE,21,Yes,4,22,7,LOW,Murky,0.95
15242,2024-08-17,Sunnyside Beach,15,NE,21,Yes,4,22,2,NONE,Clear,0.62
15243,2024-08-17,Hanlan's Point Beach,15,NE,21,Yes,4,22,3,NONE,Clear,NA
15244,2024-08-17,Gibraltar Point Beach,15,NE,21,Yes,4,22,NA,NONE,Murky and cloudy,NA
15245,2024-08-17,Centre Island Beach,15,NE,21,Yes,4,23,22,NONE,Clear,NA
15246,2024-08-17,Ward's Island Beach,15,NE,21,Yes,4,23,NA,NONE,Clear,NA
15247,2024-08-17,Cherry Beach,15,NE,21,Yes,4,22,5,NONE,Clear,NA
15248,2024-08-17,Woodbine Beaches,15,NE,21,Yes,4,NA,5,NONE,Cloudy,NA
15249,2024-08-17,Kew Balmy Beach,15,NE,21,Yes,4,NA,13,NONE,Cloudy,NA
15250,2024-08-17,Bluffer's Beach Park,15,NE,21,Yes,4,17,7,LOW,Cloudy,NA
15251,2024-08-18,Marie Curtis Park East Beach,17,SW,22,No,NA,22,NA,MOD,Debris,3.1
15252,2024-08-18,Sunnyside Beach,17,SW,22,No,NA,23,29,NONE,Debris,1.5
15253,2024-08-18,Hanlan's Point Beach,17,SW,22,No,NA,23,NA,LOW,Clear,NA
15254,2024-08-18,Gibraltar Point Beach,17,SW,22,No,NA,23,NA,MOD,Clear,NA
15255,2024-08-18,Centre Island Beach,17,SW,22,No,NA,23,NA,MOD,Clear,NA
15256,2024-08-18,Ward's Island Beach,17,SW,22,No,NA,22,NA,MOD,Clear,NA
15257,2024-08-18,Cherry Beach,17,SW,22,No,NA,22,NA,LOW,Clear,NA
15258,2024-08-18,Woodbine Beaches,17,SW,22,No,NA,14,2,LOW,Cloudy,NA
15259,2024-08-18,Kew Balmy Beach,17,SW,22,No,NA,14,NA,NONE,Algae,NA
15260,2024-08-18,Bluffer's Beach Park,17,SW,22,No,NA,19,NA,LOW,Murky,NA
15261,2024-08-19,Marie Curtis Park East Beach,21,NW,15,Yes,1,20,NA,NONE,Clear,2.28
15262,2024-08-19,Sunnyside Beach,21,NW,15,Yes,1,20,NA,NONE,Clear,1.08
15263,2024-08-19,Hanlan's Point Beach,21,NW,15,Yes,1,17,NA,NONE,Cloudy,NA
15264,2024-08-19,Gibraltar Point Beach,21,NW,15,Yes,1,15,NA,NONE,Cloudy,NA
15265,2024-08-19,Centre Island Beach,21,NW,15,Yes,1,19,NA,NONE,Cloudy,NA
15266,2024-08-19,Ward's Island Beach,21,NW,15,Yes,1,20,NA,NONE,Clear,NA
15267,2024-08-19,Cherry Beach,21,NW,15,Yes,1,21,NA,NONE,Clear,NA
15268,2024-08-19,Woodbine Beaches,21,NW,15,Yes,1,14,NA,NONE,Clear,NA
15269,2024-08-19,Kew Balmy Beach,21,NW,15,Yes,1,14,37,NONE,Clear,NA
15270,2024-08-19,Bluffer's Beach Park,21,NW,15,Yes,1,17,2,LOW,Clear,NA
15271,2024-08-20,Marie Curtis Park East Beach,13,NW,13,No,NA,16,14,LOW,Clear,2.56
15272,2024-08-20,Sunnyside Beach,13,NW,13,No,NA,15,22,NONE,Algae,0.95
15273,2024-08-20,Hanlan's Point Beach,13,NW,13,No,NA,18,NA,NONE,Clear,NA
15274,2024-08-20,Gibraltar Point Beach,13,NW,13,No,NA,17,NA,NONE,Clear,NA
15275,2024-08-20,Centre Island Beach,13,NW,13,No,NA,17,NA,NONE,Clear,NA
15276,2024-08-20,Ward's Island Beach,13,NW,13,No,NA,18,NA,NONE,Murky,NA
15277,2024-08-20,Cherry Beach,13,NW,13,No,NA,17,4,NONE,Clear,NA
15278,2024-08-20,Woodbine Beaches,13,NW,13,No,NA,17,12,NONE,Clear,NA
15279,2024-08-20,Kew Balmy Beach,13,NW,13,No,NA,18,NA,NONE,Clear,NA
15280,2024-08-20,Bluffer's Beach Park,13,NW,13,No,NA,17,3,NONE,Clear,NA
15281,2024-08-21,Marie Curtis Park East Beach,13,NW,12,No,NA,18,3,NONE,clear,1.12
15282,2024-08-21,Sunnyside Beach,13,NW,12,No,NA,18,7,NONE,clear,0.6
15283,2024-08-21,Hanlan's Point Beach,13,NW,12,No,NA,16,NA,NONE,clear,NA
15284,2024-08-21,Gibraltar Point Beach,13,NW,12,No,NA,18,NA,NONE,clear,NA
15285,2024-08-21,Centre Island Beach,13,NW,12,No,NA,19,105,NONE,clear,NA
15286,2024-08-21,Ward's Island Beach,13,NW,12,No,NA,18,NA,NONE,clear,NA
15287,2024-08-21,Cherry Beach,13,NW,12,No,NA,17,23,NONE,Clear,NA
15288,2024-08-21,Woodbine Beaches,13,NW,12,No,NA,17,4,NONE,clear,NA
15289,2024-08-21,Kew Balmy Beach,13,NW,12,No,NA,17,13,NONE,clear,NA
15520,2024-08-21,Bluffer's Beach Park,13,NW,12,No,NA,16,3,NONE,clear,NA
15641,2024-05-24,Marie Curtis Park East Beach,18,NW,15,Yes,0,14,NA,NONE,clear,0.62
15642,2024-05-24,Sunnyside Beach,18,NW,15,Yes,0,16,NA,NONE,clear,0.92
15643,2024-05-24,Hanlan's Point Beach,18,NW,15,Yes,0,15,NA,NONE,clear,NA
15644,2024-05-24,Gibraltar Point Beach,18,NW,15,Yes,0,15,NA,NONE,clear,NA
15645,2024-05-24,Centre Island Beach,18,NW,15,Yes,0,15,2,NONE,clear,NA
15646,2024-05-24,Ward's Island Beach,18,NW,15,Yes,0,16,NA,NONE,clear,NA
15647,2024-05-24,Cherry Beach,18,NW,15,Yes,0,17,NA,NONE,cloudy,NA
15648,2024-05-24,Woodbine Beaches,18,NW,15,Yes,0,14,2,NONE,clear,NA
15649,2024-05-24,Kew Balmy Beach,18,NW,15,Yes,0,14,NA,NONE,clear,NA
15650,2024-05-24,Bluffer's Beach Park,18,NW,15,Yes,0,13,18,NONE,clear,NA
15651,2024-07-23,Marie Curtis Park East Beach,9,W,22,No,NA,20,NA,NONE,murky,0.78
15652,2024-07-23,Sunnyside Beach,9,W,22,No,NA,20,20,NONE,debris,0.98
15653,2024-07-23,Hanlan's Point Beach,9,W,22,No,NA,22,NA,NONE,clear,NA
15654,2024-07-23,Gibraltar Point Beach,9,W,22,No,NA,22,11,NONE,clear,NA
15655,2024-07-23,Centre Island Beach,9,W,22,No,NA,23,8,NONE,clear,NA
15656,2024-07-23,Ward's Island Beach,9,W,22,No,NA,24,NA,NONE,cloudy,NA
15657,2024-07-23,Cherry Beach,9,W,22,Yes,NA,24,NA,NONE,cloudy,NA
15658,2024-07-23,Woodbine Beaches,9,W,22,Yes,NA,18,8,NONE,clear,NA
15659,2024-07-23,Kew Balmy Beach,9,W,22,Yes,NA,19,37,NONE,cloudy/algae,NA
15660,2024-07-23,Bluffer's Beach Park,9,W,22,Yes,NA,20,17,NONE,clear,NA
15741,2024-07-04,Marie Curtis Park East Beach,9,W,19,No,NA,17,NA,NONE,debris,1.53
15742,2024-07-04,Sunnyside Beach,9,W,19,No,NA,17,7,NONE,debris,1.17
15743,2024-07-04,Hanlan's Point Beach,9,W,19,No,NA,17,3,NONE,debris,NA
15744,2024-07-04,Gibraltar Point Beach,9,W,19,No,NA,18,4,NONE,clear,NA
15745,2024-07-04,Centre Island Beach,9,W,19,No,NA,18,13,NONE,clear,NA
15746,2024-07-04,Ward's Island Beach,9,W,19,No,NA,17,2,NONE,cloudy,NA
15747,2024-07-04,Cherry Beach,9,W,19,No,NA,17,7,NONE,cloudy,NA
15748,2024-07-04,Woodbine Beaches,9,W,19,No,NA,17,NA,NONE,clear,NA
15749,2024-07-04,Kew Balmy Beach,9,W,19,No,NA,16,NA,NONE,clear,NA
15750,2024-07-04,Bluffer's Beach Park,9,W,19,No,NA,16,NA,NONE,clear,NA
15751,2024-09-06,Marie Curtis Park East Beach,18,SW,20,Yes,5,NA,NA,None,None,NA
15752,2024-09-06,Sunnyside Beach,18,SW,20,Yes,5,18,34,NONE,Clear,2.77
15753,2024-09-06,Hanlan's Point Beach,18,SW,20,Yes,5,NA,NA,None,None,NA
15754,2024-09-06,Gibraltar Point Beach,18,SW,20,Yes,5,NA,NA,None,None,NA
15755,2024-09-06,Centre Island Beach,18,SW,20,Yes,5,NA,NA,None,None,NA
15756,2024-09-06,Ward's Island Beach,18,SW,20,Yes,5,NA,NA,None,None,NA
15757,2024-09-06,Cherry Beach,18,SW,20,Yes,5,23,4,LOW,cloudy,NA
15758,2024-09-06,Woodbine Beaches,18,SW,20,Yes,5,21,3,NONE,clear,NA
15759,2024-09-06,Kew Balmy Beach,18,SW,20,Yes,5,20,15,NONE,clear,NA
15760,2024-09-06,Bluffer's Beach Park,18,SW,20,Yes,5,NA,NA,None,None,NA
15831,2024-07-26,Marie Curtis Park East Beach,11,W,17,No,NA,NA,NA,None,None,NA
15832,2024-07-26,Sunnyside Beach,11,W,17,No,NA,NA,NA,None,None,NA
15833,2024-07-26,Hanlan's Point Beach,11,W,17,No,NA,NA,NA,None,None,NA
15834,2024-07-26,Gibraltar Point Beach,11,W,17,No,NA,NA,NA,None,None,NA
15835,2024-07-26,Centre Island Beach,11,W,17,No,NA,NA,NA,None,None,NA
15836,2024-07-26,Ward's Island Beach,11,W,17,No,NA,NA,NA,None,None,NA
15837,2024-07-26,Cherry Beach,11,W,17,No,NA,NA,NA,None,None,NA
15838,2024-07-26,Woodbine Beaches,11,W,17,No,NA,16,11,NONE,clear,NA
15839,2024-07-26,Kew Balmy Beach,11,W,17,No,NA,17,73,NONE,clear,NA
15840,2024-07-26,Bluffer's Beach Park,11,W,17,No,NA,17,NA,NONE,clear,NA
15841,2024-07-29,Marie Curtis Park East Beach,4,SW,21,No,NA,22,41,NONE,murky,2.61
15842,2024-07-29,Sunnyside Beach,4,SW,21,No,NA,23,8,NONE,murky,0.96
15843,2024-07-29,Hanlan's Point Beach,4,SW,21,No,NA,23,2,NONE,clear,NA
15844,2024-07-29,Gibraltar Point Beach,4,SW,21,No,NA,24,NA,NONE,clear,NA
15845,2024-07-29,Centre Island Beach,4,SW,21,No,NA,23,6,NONE,clear,NA
15846,2024-07-29,Ward's Island Beach,4,SW,21,No,NA,24,NA,NONE,cloudy,NA
15847,2024-07-29,Cherry Beach,4,SW,21,No,NA,24,NA,NONE,clear,NA
15848,2024-07-29,Woodbine Beaches,4,SW,21,No,NA,19,27,NONE,clear,NA
15849,2024-07-29,Kew Balmy Beach,4,SW,21,No,NA,19,24,NONE,clear,NA
15850,2024-07-29,Bluffer's Beach Park,4,SW,21,No,NA,21,NA,NONE,clear,NA
15921,2024-06-20,Marie Curtis Park East Beach,11,W,20,Yes,NA,16,NA,NONE,debris,4.7
15922,2024-06-20,Sunnyside Beach,11,W,20,Yes,NA,19,15,NONE,cloudy,2.37
15923,2024-06-20,Hanlan's Point Beach,11,W,20,Yes,NA,16,1,LOW,clear,NA
15924,2024-06-20,Gibraltar Point Beach,11,W,20,Yes,NA,15,NA,LOW,clear,NA
15925,2024-06-20,Centre Island Beach,11,W,20,Yes,NA,16,7,NONE,clear,NA
15926,2024-06-20,Ward's Island Beach,11,W,20,Yes,NA,18,20,NONE,murky,NA
15927,2024-06-20,Cherry Beach,11,W,20,Yes,NA,19,NA,NONE,murky,NA
15928,2024-06-20,Woodbine Beaches,11,W,20,Yes,NA,14,NA,NONE,clear,NA
15929,2024-06-20,Kew Balmy Beach,11,W,20,Yes,NA,16,22,NONE,clear,NA
15930,2024-06-20,Bluffer's Beach Park,11,W,20,Yes,NA,11,5,NONE,clear,NA
16041,2024-05-27,Marie Curtis Park East Beach,4,SE,16,Yes,3,16,NA,LOW,Clear,4.22
16042,2024-05-27,Sunnyside Beach,4,SE,16,Yes,3,16,5,NONE,Debris,1.07
16043,2024-05-27,Hanlan's Point Beach,4,SE,16,Yes,3,14,NA,MOD,Clear,NA
16044,2024-05-27,Gibraltar Point Beach,4,SE,16,Yes,3,14,NA,HIGH,Clear,NA
16045,2024-05-27,Centre Island Beach,4,SE,16,Yes,3,14,3,NONE,Debris,NA
16046,2024-05-27,Ward's Island Beach,4,SE,16,Yes,3,14,2,LOW,Clear,NA
16047,2024-05-27,Cherry Beach,4,SE,16,Yes,3,13,4,LOW,murky,NA
16048,2024-05-27,Woodbine Beaches,4,SE,16,Yes,3,14,47,LOW,cloudy,NA
16049,2024-05-27,Kew Balmy Beach,4,SE,16,Yes,3,14,23,LOW,cloudy,NA
16050,2024-05-27,Bluffer's Beach Park,4,SE,16,Yes,3,14,NA,MOD,cloudy/murky,NA
16051,2024-07-11,Marie Curtis Park East Beach,13,N,19,Yes,47,20,3,NONE,Murky,7.97
16052,2024-07-11,Sunnyside Beach,13,N,19,Yes,47,20,24,NONE,Murky,1.87
16053,2024-07-11,Hanlan's Point Beach,13,N,19,Yes,47,22,NA,NONE,Murky,NA
16054,2024-07-11,Gibraltar Point Beach,13,N,19,Yes,47,22,NA,HIGH,Cloudy,NA
16055,2024-07-11,Centre Island Beach,13,N,19,Yes,47,22,24,LOW,Cloudy,NA
16056,2024-07-11,Ward's Island Beach,13,N,19,Yes,47,21,NA,NONE,Cloudy ,NA
16057,2024-07-11,Cherry Beach,13,N,19,Yes,47,25,11,NONE,Clear ,NA
16058,2024-07-11,Woodbine Beaches,13,N,19,Yes,47,20,7,HIGH,Cloudy ,NA
16059,2024-07-11,Kew Balmy Beach,13,N,19,Yes,47,20,31,HIGH,Cloudy ,NA
16060,2024-07-11,Bluffer's Beach Park,13,N,19,Yes,47,19,NA,LOW,Murky,NA
16061,2024-08-14,Marie Curtis Park East Beach,5,W,17,No,NA,22,NA,NONE,Clear,0.57
16062,2024-08-14,Sunnyside Beach,5,W,17,No,NA,19,NA,NONE,Clear,0.51
16063,2024-08-14,Hanlan's Point Beach,5,W,17,No,NA,19,NA,NONE,Clear,NA
16064,2024-08-14,Gibraltar Point Beach,5,W,17,No,NA,20,NA,NONE,Clear,NA
16065,2024-08-14,Centre Island Beach,5,W,17,No,NA,21,14,NONE,Clear,NA
16066,2024-08-14,Ward's Island Beach,5,W,17,No,NA,22,7,NONE,Cloudy,NA
16067,2024-08-14,Cherry Beach,5,W,17,No,NA,22,3,NONE,Murky,NA
16068,2024-08-14,Woodbine Beaches,5,W,17,No,NA,14,17,NONE,Clear,NA
16069,2024-08-14,Kew Balmy Beach,5,W,17,No,NA,15,63,NONE,Clear,NA
16070,2024-08-14,Bluffer's Beach Park,5,W,17,No,NA,10,4,NONE,Clear,NA
16081,2024-05-29,Marie Curtis Park East Beach,18,NE,15,Yes,12,13,4,NONE,Murky,2.31
16082,2024-05-29,Sunnyside Beach,18,NE,15,Yes,12,15,10,NONE,clear,1.56
16083,2024-05-29,Hanlan's Point Beach,18,NE,15,Yes,12,14,6,NONE,clear,NA
16084,2024-05-29,Gibraltar Point Beach,18,NE,15,Yes,12,13,2,NONE,clear,NA
16085,2024-05-29,Centre Island Beach,18,NE,15,Yes,12,15,2,NONE,clear,NA
16086,2024-05-29,Ward's Island Beach,18,NE,15,Yes,12,15,NA,NONE,cloudy,NA
16087,2024-05-29,Cherry Beach,18,NE,15,Yes,12,15,NA,NONE,cloudy,NA
16088,2024-05-29,Woodbine Beaches,18,NE,15,Yes,12,16,10,LOW,clear,NA
16089,2024-05-29,Kew Balmy Beach,18,NE,15,Yes,12,16,30,NONE,clear,NA
16090,2024-05-29,Bluffer's Beach Park,18,NE,15,Yes,12,16,15,LOW,clear,NA
16091,2024-06-25,Marie Curtis Park East Beach,4,SW,17,No,NA,10,4,NONE,clear,0.85
16092,2024-06-25,Sunnyside Beach,4,SW,17,No,NA,15,7,NONE,debris,1.17
16093,2024-06-25,Hanlan's Point Beach,4,SW,17,No,NA,17,NA,NONE,clear,NA
16094,2024-06-25,Gibraltar Point Beach,4,SW,17,No,NA,17,NA,NONE,clear,NA
16095,2024-06-25,Centre Island Beach,4,SW,17,No,NA,17,NA,NONE,clear,NA
16096,2024-06-25,Ward's Island Beach,4,SW,17,No,NA,17,NA,NONE,clear,NA
16097,2024-06-25,Cherry Beach,4,SW,17,No,NA,18,2,NONE,clear,NA
16098,2024-06-25,Woodbine Beaches,4,SW,17,No,NA,15,NA,NONE,clear,NA
16099,2024-06-25,Kew Balmy Beach,4,SW,17,No,NA,15,32,NONE,cloudy,NA
16100,2024-06-25,Bluffer's Beach Park,4,SW,17,No,NA,13,102,NONE,clear,NA
16101,2024-08-08,Marie Curtis Park East Beach,17,E,22,No,NA,22,NA,HIGH,murky,8.21
16102,2024-08-08,Sunnyside Beach,17,E,22,No,NA,23,53,NONE,clear,0.82
16103,2024-08-08,Hanlan's Point Beach,17,E,22,No,NA,22,NA,LOW,clear,NA
16104,2024-08-08,Gibraltar Point Beach,17,E,22,No,NA,NA,NA,HIGH,None,NA
16105,2024-08-08,Centre Island Beach,17,E,22,No,NA,NA,NA,HIGH,None,NA
16106,2024-08-08,Ward's Island Beach,17,E,22,No,NA,23,NA,NONE,clear,NA
16107,2024-08-08,Cherry Beach,17,E,22,No,NA,24,NA,NONE,clear,NA
16108,2024-08-08,Woodbine Beaches,17,E,22,No,NA,23,NA,HIGH,cloudy,NA
16109,2024-08-08,Kew Balmy Beach,17,E,22,No,NA,23,NA,HIGH,cloudy,NA
16110,2024-08-08,Bluffer's Beach Park,17,E,22,No,NA,21,7,HIGH,murky,NA
16351,2024-08-29,Marie Curtis Park East Beach,15,NE,17,Yes,0,19,NA,LOW,Cloudy,4.38
16352,2024-08-29,Sunnyside Beach,15,NE,17,Yes,0,19,10,NONE,Cloudy,2.12
16353,2024-08-29,Hanlan's Point Beach,15,NE,17,Yes,0,20,6,NONE,Murky,NA
16354,2024-08-29,Gibraltar Point Beach,15,NE,17,Yes,0,20,7,MOD,Clear,NA
16355,2024-08-29,Centre Island Beach,15,NE,17,Yes,0,21,4,NONE,Clear,NA
16356,2024-08-29,Ward's Island Beach,15,NE,17,Yes,0,20,3,NONE,Clear,NA
16357,2024-08-29,Cherry Beach,15,NE,17,Yes,0,21,NA,NONE,Clear,NA
16358,2024-08-29,Woodbine Beaches,15,NE,17,Yes,0,18,NA,MOD,Murky,NA
16359,2024-08-29,Kew Balmy Beach,15,NE,17,Yes,0,18,6,MOD,Murky,NA
16360,2024-08-29,Bluffer's Beach Park,15,NE,17,Yes,0,22,42,MOD,Murky,NA
16371,2024-07-16,Marie Curtis Park East Beach,8,E,21,Yes,34,22,NA,NONE,debris,5.47
16372,2024-07-16,Sunnyside Beach,8,E,21,Yes,34,22,NA,NONE,debris,8.48
16373,2024-07-16,Hanlan's Point Beach,8,E,21,Yes,34,23,14,NONE,cloudy/debris,NA
16374,2024-07-16,Gibraltar Point Beach,8,E,21,Yes,34,23,2,NONE,cloudy/algae,NA
16375,2024-07-16,Centre Island Beach,8,E,21,Yes,34,23,2,NONE,cloudy,NA
16376,2024-07-16,Ward's Island Beach,8,E,21,Yes,34,24,NA,NONE,cloudy/debris,NA
16377,2024-07-16,Cherry Beach,8,E,21,Yes,34,25,NA,NONE,cloudy/debris,NA
16378,2024-07-16,Woodbine Beaches,8,E,21,Yes,34,18,17,NONE,cloudy,NA
16379,2024-07-16,Kew Balmy Beach,8,E,21,Yes,34,NA,NA,None,None,NA
16380,2024-07-16,Bluffer's Beach Park,8,E,21,Yes,34,20,NA,NONE,cloudy,NA
16411,2024-06-29,Marie Curtis Park East Beach,21,E,17,No,NA,15,7,MOD,Murky,4.81
16412,2024-06-29,Sunnyside Beach,21,E,17,No,NA,15,5,NONE,Murky,0.83
16413,2024-06-29,Hanlan's Point Beach,21,E,17,No,NA,16,NA,HIGH,Murky,NA
16414,2024-06-29,Gibraltar Point Beach,21,E,17,No,NA,16,NA,HIGH,Murky,NA
16415,2024-06-29,Centre Island Beach,21,E,17,No,NA,16,NA,HIGH,Murky,NA
16416,2024-06-29,Ward's Island Beach,21,E,17,No,NA,16,NA,HIGH,Murky,NA
16417,2024-06-29,Cherry Beach,21,E,17,No,NA,17,NA,HIGH,Murky,NA
16418,2024-06-29,Woodbine Beaches,21,E,17,No,NA,10,NA,HIGH,Cloudy,NA
16419,2024-06-29,Kew Balmy Beach,21,E,17,No,NA,9,NA,HIGH,Murky,NA
16420,2024-06-29,Bluffer's Beach Park,21,E,17,No,NA,13,10,HIGH,Murky,NA
16421,2024-06-30,Marie Curtis Park East Beach,24,NW,20,Yes,20,16,NA,NONE,murky,2.92
16422,2024-06-30,Sunnyside Beach,24,NW,20,Yes,20,17,22,NONE,murky,1.41
16423,2024-06-30,Hanlan's Point Beach,24,NW,20,Yes,20,16,NA,LOW,murky,NA
16424,2024-06-30,Gibraltar Point Beach,24,NW,20,Yes,20,14,NA,NONE,clear,NA
16425,2024-06-30,Centre Island Beach,24,NW,20,Yes,20,14,NA,NONE,clear,NA
16426,2024-06-30,Ward's Island Beach,24,NW,20,Yes,20,16,13,NONE,cloudy,NA
16427,2024-06-30,Cherry Beach,24,NW,20,Yes,20,16,NA,NONE,cloudy,NA
16428,2024-06-30,Woodbine Beaches,24,NW,20,Yes,20,16,2,NONE,Cloudy,NA
16429,2024-06-30,Kew Balmy Beach,24,NW,20,Yes,20,16,17,LOW,Cloudy,NA
16430,2024-06-30,Bluffer's Beach Park,24,NW,20,Yes,20,15,2,NONE,Clear,NA
16431,2024-07-01,Marie Curtis Park East Beach,15,NW,13,No,NA,12,16,NONE,clear,0.43
16432,2024-07-01,Sunnyside Beach,15,NW,13,No,NA,14,13,NONE,clear,0.63
16433,2024-07-01,Hanlan's Point Beach,15,NW,13,No,NA,14,NA,NONE,clear,NA
16434,2024-07-01,Gibraltar Point Beach,15,NW,13,No,NA,16,NA,NONE,clear,NA
16435,2024-07-01,Centre Island Beach,15,NW,13,No,NA,15,NA,NONE,"clear, algae",NA
16436,2024-07-01,Ward's Island Beach,15,NW,13,No,NA,14,NA,NONE,"murky, algae",NA
16437,2024-07-01,Cherry Beach,15,NW,13,No,NA,16,NA,NONE,"clear, algae",NA
16438,2024-07-01,Woodbine Beaches,15,NW,13,No,NA,12,NA,NONE,Clear,NA
16439,2024-07-01,Kew Balmy Beach,15,NW,13,No,NA,14,NA,NONE,Clear,NA
16440,2024-07-01,Bluffer's Beach Park,15,NW,13,No,NA,14,5,NONE,Clear,NA
16441,2024-07-02,Marie Curtis Park East Beach,4,NW,16,No,NA,14,NA,NONE,Clear,NA
16442,2024-07-02,Sunnyside Beach,4,NW,16,No,NA,15,7,NONE,Debris,NA
16443,2024-07-02,Hanlan's Point Beach,4,NW,16,No,NA,16,NA,NONE,Clear,NA
16444,2024-07-02,Gibraltar Point Beach,4,NW,16,No,NA,16,NA,NONE,Clear,NA
16445,2024-07-02,Centre Island Beach,4,NW,16,No,NA,16,12,NONE,clear,NA
16446,2024-07-02,Ward's Island Beach,4,NW,16,No,NA,17,NA,NONE,Clear,NA
16447,2024-07-02,Cherry Beach,4,NW,16,No,NA,16,2,NONE,None,NA
16448,2024-07-02,Woodbine Beaches,4,NW,16,No,NA,16,25,NONE,Cloudy,NA
16449,2024-07-02,Kew Balmy Beach,4,NW,16,No,NA,16,36,NONE,Cloudy,NA
16450,2024-07-02,Bluffer's Beach Park,4,NW,16,No,NA,12,NA,NONE,Clear,NA
16571,2024-06-19,Marie Curtis Park East Beach,4,S,21,Yes,15,16,NA,NONE,cloudy,1.46
16572,2024-06-19,Sunnyside Beach,4,S,21,Yes,15,20,15,NONE,debris,1.31
16573,2024-06-19,Hanlan's Point Beach,4,S,21,Yes,15,17,3,NONE,clear,NA
16574,2024-06-19,Gibraltar Point Beach,4,S,21,Yes,15,16,3,NONE,clear,NA
16575,2024-06-19,Centre Island Beach,4,S,21,Yes,15,16,NA,NONE,clear,NA
16576,2024-06-19,Ward's Island Beach,4,S,21,Yes,15,17,5,NONE,clear,NA
16577,2024-06-19,Cherry Beach,4,S,21,Yes,15,18,NA,NONE,clear,NA
16578,2024-06-19,Woodbine Beaches,4,S,21,Yes,15,15,NA,NONE,clear,NA
16579,2024-06-19,Kew Balmy Beach,4,S,21,Yes,15,15,40,NONE,clear,NA
16580,2024-06-19,Bluffer's Beach Park,4,S,21,Yes,15,16,75,NONE,clear,NA
16641,2024-06-11,Marie Curtis Park East Beach,13,N,12,No,NA,9,NA,NONE,Clear,0.45
16642,2024-06-11,Sunnyside Beach,13,N,12,No,NA,8,20,NONE,Clear,0.23
16643,2024-06-11,Hanlan's Point Beach,13,N,12,No,NA,8,NA,NONE,Clear,NA
16644,2024-06-11,Gibraltar Point Beach,13,N,12,No,NA,10,NA,NONE,Clear,NA
16645,2024-06-11,Centre Island Beach,13,N,12,No,NA,11,NA,NONE,Clear,NA
16646,2024-06-11,Ward's Island Beach,13,N,12,No,NA,10,NA,NONE,Clear,NA
16647,2024-06-11,Cherry Beach,13,N,12,No,NA,11,NA,NONE,Clear,NA
16648,2024-06-11,Woodbine Beaches,13,N,12,No,NA,8,NA,NONE,Clear,NA
16649,2024-06-11,Kew Balmy Beach,13,N,12,No,NA,8,7,NONE,Clear,NA
16650,2024-06-11,Bluffer's Beach Park,13,N,12,No,NA,6,NA,NONE,Clear,NA
16651,2024-07-03,Marie Curtis Park East Beach,9,E,20,No,NA,16,NA,NONE,algae,2.12
16652,2024-07-03,Sunnyside Beach,9,E,20,No,NA,17,25,NONE,cloudy,0.54
16653,2024-07-03,Hanlan's Point Beach,9,E,20,No,NA,18,NA,NONE,clear,NA
16654,2024-07-03,Gibraltar Point Beach,9,E,20,No,NA,18,NA,NONE,clear,NA
16655,2024-07-03,Centre Island Beach,9,E,20,No,NA,18,NA,NONE,clear,NA
16656,2024-07-03,Ward's Island Beach,9,E,20,No,NA,19,3,NONE,clear,NA
16657,2024-07-03,Cherry Beach,9,E,20,No,NA,18,NA,NONE,clear,NA
16658,2024-07-03,Woodbine Beaches,9,E,20,No,NA,20,3,NONE,murky,NA
16659,2024-07-03,Kew Balmy Beach,9,E,20,No,NA,18,6,NONE,murky,NA
16660,2024-07-03,Bluffer's Beach Park,9,E,20,No,NA,16,24,LOW,clear,NA
16681,2024-08-25,Marie Curtis Park East Beach,4,SE,17,No,NA,20,7,NONE,Clear,1.27
16682,2024-08-25,Sunnyside Beach,4,SE,17,No,NA,20,32,NONE,Clear,0.95
16683,2024-08-25,Hanlan's Point Beach,4,SE,17,No,NA,21,3,NONE,Clear,NA
16684,2024-08-25,Gibraltar Point Beach,4,SE,17,No,NA,20,NA,NONE,Clear,NA
16685,2024-08-25,Centre Island Beach,4,SE,17,No,NA,20,19,NONE,Clear,NA
16686,2024-08-25,Ward's Island Beach,4,SE,17,No,NA,19,4,NONE,Clear,NA
16687,2024-08-25,Cherry Beach,NA,None,17,No,NA,21,12,NONE,Clear,NA
16688,2024-08-25,Woodbine Beaches,NA,None,17,No,NA,18,16,NONE,Clear,NA
16689,2024-08-25,Kew Balmy Beach,NA,None,17,No,NA,19,22,NONE,Clear,NA
16690,2024-08-25,Bluffer's Beach Park,NA,None,17,No,NA,17,7,NONE,Clear,NA
16731,2024-05-22,Marie Curtis Park East Beach,9,SE,19,No,NA,16,NA,NONE,clear,1.21
16732,2024-05-22,Sunnyside Beach,9,SE,19,No,NA,17,2,NONE,cloudy,1.32
16733,2024-05-22,Hanlan's Point Beach,9,SE,19,No,NA,15,NA,NONE,clear,NA
16734,2024-05-22,Gibraltar Point Beach,9,SE,19,No,NA,15,NA,NONE,clear,NA
16735,2024-05-22,Centre Island Beach,9,SE,19,No,NA,16,NA,NONE,clear,NA
16736,2024-05-22,Ward's Island Beach,9,SE,19,No,NA,6,NA,NONE,clear,NA
16737,2024-05-22,Cherry Beach,9,SE,19,No,NA,15,NA,NONE,clear,NA
16738,2024-05-22,Woodbine Beaches,9,SE,19,No,NA,18,8,NONE,clear,NA
16739,2024-05-22,Kew Balmy Beach,9,SE,19,No,NA,18,NA,NONE,clear,NA
16740,2024-05-22,Bluffer's Beach Park,9,SE,19,No,NA,18,11,NONE,clear,NA
16941,2024-08-15,Marie Curtis Park East Beach,9,SW,18,No,NA,19,NA,NONE,Clear,0.77
16942,2024-08-15,Sunnyside Beach,9,SW,18,No,NA,19,16,NONE,Clear,0.82
16943,2024-08-15,Hanlan's Point Beach,9,SW,18,No,NA,20,20,NONE,Clear,NA
16944,2024-08-15,Gibraltar Point Beach,9,SW,18,No,NA,20,NA,NONE,Clear,NA
16945,2024-08-15,Centre Island Beach,9,SW,18,No,NA,20,50,NONE,Clear,NA
16946,2024-08-15,Ward's Island Beach,9,SW,18,No,NA,21,15,NONE,Clear,NA
16947,2024-08-15,Cherry Beach,9,SW,18,N/A,NA,22,15,NONE,Clear,NA
16948,2024-08-15,Woodbine Beaches,9,SW,18,N/A,NA,12,3,NONE,Clear,NA
16949,2024-08-15,Kew Balmy Beach,9,SW,18,N/A,NA,13,NA,NONE,Clear,NA
16950,2024-08-15,Bluffer's Beach Park,9,SW,18,N/A,NA,9,7,NONE,Clear,NA
16971,2024-05-28,Marie Curtis Park East Beach,30,NW,16,Yes,23,14,NA,NONE,clear,1.08
16972,2024-05-28,Sunnyside Beach,30,NW,16,Yes,23,15,NA,NONE,murky,3.47
16973,2024-05-28,Hanlan's Point Beach,30,NW,16,Yes,23,15,NA,NONE,clear,NA
16974,2024-05-28,Gibraltar Point Beach,30,NW,16,Yes,23,14,NA,NONE,clear,NA
16975,2024-05-28,Centre Island Beach,30,NW,16,Yes,23,13,7,NONE,clear,NA
16976,2024-05-28,Ward's Island Beach,30,NW,16,Yes,23,14,2,NONE,clear,NA
16977,2024-05-28,Cherry Beach,30,NW,16,Yes,23,15,NA,NONE,clear,NA
16978,2024-05-28,Woodbine Beaches,30,NW,16,Yes,23,14,2,NONE,cloudy,NA
16979,2024-05-28,Kew Balmy Beach,30,NW,16,Yes,23,14,NA,NONE,cloudy,NA
16980,2024-05-28,Bluffer's Beach Park,30,NW,16,Yes,23,14,NA,NONE,clear,NA
16981,2024-08-30,Marie Curtis Park East Beach,13,NE,19,Yes,3,20,NA,LOW,cloudy,4.49
16982,2024-08-30,Sunnyside Beach,13,NE,19,Yes,3,20,30,NONE,cloudy,0.61
16983,2024-08-30,Hanlan's Point Beach,13,NE,19,Yes,3,21,NA,NONE,clear,NA
16984,2024-08-30,Gibraltar Point Beach,13,NE,19,Yes,3,20,NA,None,clear,NA
16985,2024-08-30,Centre Island Beach,13,NE,19,Yes,3,20,NA,None,clear,NA
16986,2024-08-30,Ward's Island Beach,13,NE,19,Yes,3,21,NA,None,clear,NA
16987,2024-08-30,Cherry Beach,7,NE,16,Yes,3,22,NA,NONE,clear,NA
16988,2024-08-30,Woodbine Beaches,7,NE,16,Yes,3,20,11,HIGH,clear,NA
16989,2024-08-30,Kew Balmy Beach,7,NE,16,Yes,3,20,42,MOD,cloudy,NA
16990,2024-08-30,Bluffer's Beach Park,7,NE,16,Yes,3,21,NA,MOD,cloudy,NA
17031,2024-04-26,Marie Curtis Park East Beach,NA,None,NA,N/A,NA,NA,NA,None,None,NA
17032,2024-04-26,Sunnyside Beach,NA,None,NA,N/A,NA,NA,NA,None,None,NA
17033,2024-04-26,Hanlan's Point Beach,NA,None,NA,N/A,NA,NA,NA,None,None,NA
17034,2024-04-26,Gibraltar Point Beach,NA,None,NA,N/A,NA,NA,NA,None,None,NA
17035,2024-04-26,Centre Island Beach,NA,None,NA,N/A,NA,NA,NA,None,None,NA
17036,2024-04-26,Ward's Island Beach,NA,None,NA,N/A,NA,NA,NA,None,None,NA
17037,2024-04-26,Cherry Beach,NA,None,NA,N/A,NA,NA,NA,NONE,None,NA
17038,2024-04-26,Woodbine Beaches,NA,None,NA,N/A,NA,NA,NA,None,None,NA
17039,2024-04-26,Kew Balmy Beach,NA,None,NA,N/A,NA,NA,NA,None,None,NA
17040,2024-04-26,Bluffer's Beach Park,NA,None,NA,N/A,NA,NA,NA,None,None,NA
17061,2024-07-31,Marie Curtis Park East Beach,17,NW,23,No,NA,24,NA,NONE,Murky,4.05
17062,2024-07-31,Sunnyside Beach,17,NW,23,No,NA,25,10,NONE,Murky,1.13
17063,2024-07-31,Hanlan's Point Beach,17,NW,23,No,NA,24,NA,LOW,Murky,NA
17064,2024-07-31,Gibraltar Point Beach,17,NW,23,No,NA,23,NA,NONE,Clear,NA
17065,2024-07-31,Centre Island Beach,17,NW,23,No,NA,23,13,NONE,Clear,NA
17066,2024-07-31,Ward's Island Beach,17,NW,23,No,NA,25,NA,NONE,Clear,NA
17067,2024-07-31,Cherry Beach,17,NW,23,Yes,NA,26,11,NONE,Clear,NA
17068,2024-07-31,Woodbine Beaches,17,NW,23,Yes,NA,20,6,NONE,Clear,NA
17069,2024-07-31,Kew Balmy Beach,17,NW,23,Yes,NA,20,34,NONE,Clear,NA
17070,2024-07-31,Bluffer's Beach Park,17,NW,23,Yes,NA,23,13,NONE,Clear,NA
17211,2024-06-02,Marie Curtis Park East Beach,13,NE,16,No,NA,16,NA,NONE,Murky,2.07
17212,2024-06-02,Sunnyside Beach,13,NE,16,No,NA,15,3,NONE,Clear,1.5
17213,2024-06-02,Hanlan's Point Beach,13,NE,16,No,NA,15,2,NONE,Clear,NA
17214,2024-06-02,Gibraltar Point Beach,13,NE,16,No,NA,16,2,NONE,Clear,NA
17215,2024-06-02,Centre Island Beach,13,NE,16,No,NA,16,1,NONE,Clear,NA
17216,2024-06-02,Ward's Island Beach,13,NE,16,No,NA,17,NA,NONE,Clear,NA
17217,2024-06-02,Cherry Beach,13,NE,16,No,NA,18,2,NONE,Clear,NA
17218,2024-06-02,Woodbine Beaches,13,NE,16,No,NA,13,11,LOW,Clear,NA
17219,2024-06-02,Kew Balmy Beach,13,NE,16,No,NA,12,75,LOW,Clear,NA
17220,2024-06-02,Bluffer's Beach Park,13,NE,16,No,NA,7,60,NONE,Clear,NA
17231,2024-06-21,Marie Curtis Park East Beach,17,E,21,Yes,54,19,NA,NONE,debris,8.9
17232,2024-06-21,Sunnyside Beach,17,E,21,Yes,54,21,15,NONE,debris,3.7
17233,2024-06-21,Hanlan's Point Beach,17,E,21,Yes,54,16,4,NONE,clear,NA
17234,2024-06-21,Gibraltar Point Beach,17,E,21,Yes,54,19,4,NONE,clear,NA
17235,2024-06-21,Centre Island Beach,17,E,21,Yes,54,19,21,NONE,clear,NA
17236,2024-06-21,Ward's Island Beach,17,E,21,Yes,54,18,NA,NONE,clear,NA
17237,2024-06-21,Cherry Beach,17,E,21,Yes,54,20,7,NONE,clear,NA
17238,2024-06-21,Woodbine Beaches,17,E,21,Yes,54,15,6,NONE,cloudy,NA
17239,2024-06-21,Kew Balmy Beach,17,E,21,Yes,54,15,81,NONE,cloudy,NA
17240,2024-06-21,Bluffer's Beach Park,17,E,21,Yes,54,16,12,NONE,clear,NA
17241,2024-06-12,Marie Curtis Park East Beach,11,E,11,No,NA,10,1,NONE,clear,0.69
17242,2024-06-12,Sunnyside Beach,11,E,11,No,NA,11,2,NONE,clear,0.57
17243,2024-06-12,Hanlan's Point Beach,11,E,11,No,NA,12,3,NONE,clear,NA
17244,2024-06-12,Gibraltar Point Beach,11,E,11,No,NA,11.5,NA,NONE,clear,NA
17245,2024-06-12,Centre Island Beach,11,E,11,No,NA,12,10,NONE,clear,NA
17246,2024-06-12,Ward's Island Beach,11,E,11,No,NA,12,2,NONE,clear,NA
17247,2024-06-12,Cherry Beach,11,E,11,No,NA,13,2,NONE,clear,NA
17248,2024-06-12,Woodbine Beaches,11,E,11,No,NA,9,NA,NONE,clear,NA
17249,2024-06-12,Kew Balmy Beach,11,E,11,No,NA,10,5,NONE,clear,NA
17250,2024-06-12,Bluffer's Beach Park,11,E,11,No,NA,10,NA,NONE,clear,NA
17251,2024-08-28,Marie Curtis Park East Beach,8,NW,23,No,NA,20,NA,NONE,Murky,2.39
17252,2024-08-28,Sunnyside Beach,8,NW,23,No,NA,23,3,NONE, Clear,1.31
17253,2024-08-28,Hanlan's Point Beach,8,NW,23,No,NA,23,45,NONE,Cloudy,NA
17254,2024-08-28,Gibraltar Point Beach,8,NW,23,No,NA,22,NA,NONE,Clear,NA
17255,2024-08-28,Centre Island Beach,8,NW,23,No,NA,23,31,NONE,Clear,NA
17256,2024-08-28,Ward's Island Beach,8,NW,23,No,NA,23,NA,NONE,Clear,NA
17257,2024-08-28,Cherry Beach,8,NW,23,No,NA,24,5,NONE,Clear,NA
17258,2024-08-28,Woodbine Beaches,8,NW,23,No,NA,19,8,NONE,Clear,NA
17259,2024-08-28,Kew Balmy Beach,8,NW,23,No,NA,19,15,NONE,Clear,NA
17260,2024-08-28,Bluffer's Beach Park,8,NW,23,No,NA,22,17,NONE,Clear,NA
17401,2024-07-19,Marie Curtis Park East Beach,4,NW,15,No,NA,19,NA,NONE,Murky,5.23
17402,2024-07-19,Sunnyside Beach,4,NW,15,No,NA,18,9,NONE,Algae,1.6
17403,2024-07-19,Hanlan's Point Beach,4,NW,15,No,NA,20,7,NONE,Cloudy,NA
17404,2024-07-19,Gibraltar Point Beach,4,NW,15,No,NA,20,NA,NONE,Cloudy,NA
17405,2024-07-19,Centre Island Beach,4,NW,15,No,NA,20,54,NONE,Cloudy,NA
17406,2024-07-19,Ward's Island Beach,4,NW,15,No,NA,21,NA,NONE,Murky ,NA
17407,2024-07-19,Cherry Beach,4,NW,15,No,NA,21,11,NONE,Murky ,NA
17408,2024-07-19,Woodbine Beaches,4,NW,15,No,NA,21,6,NONE,Clear,NA
17409,2024-07-19,Kew Balmy Beach,4,NW,15,No,NA,22,27,NONE,Clear,NA
17410,2024-07-19,Bluffer's Beach Park,4,NW,15,No,NA,19,4,NONE,Clear,NA
17551,2024-08-26,Marie Curtis Park East Beach,9,W,18,No,NA,20,7,NONE,Clear,0.73
17552,2024-08-26,Sunnyside Beach,9,W,18,No,NA,20,7,NONE,Clear,0.78
17553,2024-08-26,Hanlan's Point Beach,9,W,18,No,NA,19,NA,NONE,Clear,NA
17554,2024-08-26,Gibraltar Point Beach,9,W,18,No,NA,19,NA,NONE,Clear,NA
17555,2024-08-26,Centre Island Beach,9,W,18,No,NA,19,40,NONE,Clear,NA
17556,2024-08-26,Ward's Island Beach,9,W,18,No,NA,20,NA,NONE,Clear,NA
17557,2024-08-26,Cherry Beach,9,W,18,No,NA,22,NA,NONE,Clear,NA
17558,2024-08-26,Woodbine Beaches,9,W,18,No,NA,18,12,NONE,Clear,NA
17559,2024-08-26,Kew Balmy Beach,9,W,18,No,NA,18,64,NONE,Clear,NA
17560,2024-08-26,Bluffer's Beach Park,9,W,18,No,NA,19,NA,NONE,Clear,NA
17681,2024-06-14,Marie Curtis Park East Beach,13,SW,15,Yes,4,12,NA,NONE,Clear,0.61
17682,2024-06-14,Sunnyside Beach,13,SW,15,Yes,4,14,NA,NONE,Clear ,1.45
17683,2024-06-14,Hanlan's Point Beach,13,SW,15,Yes,4,8,NA,NONE,Cloudy,NA
17684,2024-06-14,Gibraltar Point Beach,13,SW,15,Yes,4,8,2,NONE,Clear ,NA
17685,2024-06-14,Centre Island Beach,13,SW,15,Yes,4,11,4,NONE,Clear ,NA
17686,2024-06-14,Ward's Island Beach,13,SW,15,Yes,4,12,5,NONE,Clear ,NA
17687,2024-06-14,Cherry Beach,13,SW,15,Yes,4,14,3,NONE,Clear,NA
17688,2024-06-14,Woodbine Beaches,13,SW,15,Yes,4,10,NA,NONE,Clear ,NA
17689,2024-06-14,Kew Balmy Beach,13,SW,15,Yes,4,9,27,NONE,Clear ,NA
17690,2024-06-14,Bluffer's Beach Park,13,SW,15,Yes,4,9,NA,NONE,Clear ,NA
17691,2024-07-27,Marie Curtis Park East Beach,8,W,18,No,NA,19,3,NONE,clear,1.41
17692,2024-07-27,Sunnyside Beach,8,W,18,No,NA,20,35,NONE,clear,0.92
17693,2024-07-27,Hanlan's Point Beach,8,W,18,No,NA,21,NA,NONE,clear,NA
17694,2024-07-27,Gibraltar Point Beach,8,W,18,No,NA,21,NA,NONE,clear,NA
17695,2024-07-27,Centre Island Beach,8,W,18,No,NA,22,17,NONE,clear,NA
17696,2024-07-27,Ward's Island Beach,8,W,18,No,NA,22,NA,NONE,clear,NA
17697,2024-07-27,Cherry Beach,8,W,18,No,NA,23,NA,NONE,debris,NA
17698,2024-07-27,Woodbine Beaches,8,W,18,No,NA,18,21,NONE,clear,NA
17699,2024-07-27,Kew Balmy Beach,8,W,18,No,NA,19,86,NONE,clear,NA
17700,2024-07-27,Bluffer's Beach Park,8,W,18,No,NA,16,2,NONE,clear,NA
17701,2024-07-28,Marie Curtis Park East Beach,13,E,20,No,NA,19,4,LOW,murky,2.55
17702,2024-07-28,Sunnyside Beach,13,E,20,No,NA,22,16,NONE,clear,2.51
17703,2024-07-28,Hanlan's Point Beach,13,E,20,No,NA,22,11,NONE,clear,NA
17704,2024-07-28,Gibraltar Point Beach,13,E,20,No,NA,23,1,LOW,clear,NA
17705,2024-07-28,Centre Island Beach,13,E,20,No,NA,23,54,NONE,clear,NA
17706,2024-07-28,Ward's Island Beach,13,E,20,No,NA,23,2,NONE,clear,NA
17707,2024-07-28,Cherry Beach,13,E,20,No,NA,24,11,NONE,clear,NA
17708,2024-07-28,Woodbine Beaches,13,E,20,No,NA,21,2,LOW,Cloudy,NA
17709,2024-07-28,Kew Balmy Beach,13,E,20,No,NA,21,13,LOW,Cloudy,NA
17710,2024-07-28,Bluffer's Beach Park,13,E,20,No,NA,19,NA,LOW,Cloudy ,NA
17711,2024-08-23,Marie Curtis Park East Beach,9,SW,16,N/A,NA,19,NA,NONE,Clear,1.23
17712,2024-08-23,Sunnyside Beach,9,SW,16,N/A,NA,19,16,NONE,"Light debris, bird feathers clear water",1.15
17713,2024-08-23,Hanlan's Point Beach,9,SW,16,N/A,NA,19,12,LOW,Clear,NA
17714,2024-08-23,Gibraltar Point Beach,9,SW,16,N/A,NA,19,NA,LOW,clear,NA
17715,2024-08-23,Centre Island Beach,9,SW,16,N/A,NA,19,8,NONE,clear,NA
17716,2024-08-23,Ward's Island Beach,9,SW,16,N/A,NA,20,NA,NONE,clear,NA
17717,2024-08-23,Cherry Beach,9,SW,16,No,NA,20,NA,NONE,Clear,NA
17718,2024-08-23,Woodbine Beaches,9,SW,16,No,NA,16,NA,NONE,Clear,NA
17719,2024-08-23,Kew Balmy Beach,9,SW,16,No,NA,17,NA,NONE,Clear,NA
17720,2024-08-23,Bluffer's Beach Park,9,SW,16,No,NA,17,NA,NONE,Clear,NA
17851,2024-06-07,Marie Curtis Park East Beach,15,W,16,Yes,1,17,NA,NONE,clear,0.54
17852,2024-06-07,Sunnyside Beach,15,W,16,Yes,1,18,NA,NONE,clear,0.83
17853,2024-06-07,Hanlan's Point Beach,15,W,16,Yes,1,16,8,NONE,cloudy,NA
17854,2024-06-07,Gibraltar Point Beach,15,W,16,Yes,1,14,NA,NONE,cloudy,NA
17855,2024-06-07,Centre Island Beach,15,W,16,Yes,1,15,17,NONE,clear,NA
17856,2024-06-07,Ward's Island Beach,15,W,16,Yes,1,15,NA,NONE,cloudy,NA
17857,2024-06-07,Cherry Beach,15,W,16,Yes,1,15,3,NONE,cloudy,NA
17858,2024-06-07,Woodbine Beaches,15,W,16,Yes,1,13,3,NONE,clear,NA
17859,2024-06-07,Kew Balmy Beach,15,W,16,Yes,1,13,7,LOW,clear,NA
17860,2024-06-07,Bluffer's Beach Park,15,W,16,Yes,1,12,1,NONE,clear,NA
17941,2024-08-03,Marie Curtis Park East Beach,13,NW,24,No,NA,NA,3,NONE,Clear,1.62
17942,2024-08-03,Sunnyside Beach,13,NW,24,No,NA,NA,16,NONE,Clear,1.2
17943,2024-08-03,Hanlan's Point Beach,13,NW,24,No,NA,25,4,NONE,Clear,NA
17944,2024-08-03,Gibraltar Point Beach,13,NW,24,No,NA,24,NA,NONE,Cleare,NA
17945,2024-08-03,Centre Island Beach,13,NW,24,No,NA,24,28,NONE,Clear,NA
17946,2024-08-03,Ward's Island Beach,13,NW,24,No,NA,25,NA,NONE,Clear ,NA
17947,2024-08-03,Cherry Beach,13,NW,24,No,NA,26,NA,NONE,Clear,NA
17948,2024-08-03,Woodbine Beaches,13,NW,24,No,NA,21,14,NONE,clear,NA
17949,2024-08-03,Kew Balmy Beach,13,NW,24,No,NA,22,62,NONE,clear,NA
17950,2024-08-03,Bluffer's Beach Park,13,NW,24,No,NA,21,2,NONE,clear,NA
18041,2024-06-18,Marie Curtis Park East Beach,21,S,19,No,NA,NA,NA,None,None,NA
18042,2024-06-18,Sunnyside Beach,21,S,19,No,NA,18,14,NONE,Cloudy,2.03
18043,2024-06-18,Hanlan's Point Beach,21,S,19,No,NA,NA,NA,None,None,NA
18044,2024-06-18,Gibraltar Point Beach,21,S,19,No,NA,NA,NA,None,None,NA
18045,2024-06-18,Centre Island Beach,21,S,19,No,NA,NA,NA,None,None,NA
18046,2024-06-18,Ward's Island Beach,21,S,19,No,NA,NA,NA,None,None,NA
18047,2024-06-18,Cherry Beach,21,S,19,No,NA,13,NA,LOW,Murky,NA
18048,2024-06-18,Woodbine Beaches,21,S,19,No,NA,NA,NA,None,None,NA
18049,2024-06-18,Kew Balmy Beach,21,S,19,No,NA,NA,10,NONE,Clear,NA
18050,2024-06-18,Bluffer's Beach Park,21,S,19,No,NA,13,2,NONE,Clear,NA
18281,2024-08-16,Marie Curtis Park East Beach,17,NE,20,No,NA,21,3,MOD,Debris,0.58
18282,2024-08-16,Sunnyside Beach,17,NE,20,No,NA,21,15,NONE,Clear,0.41
18283,2024-08-16,Hanlan's Point Beach,17,NE,20,No,NA,21,NA,NONE,Clear,NA
18284,2024-08-16,Gibraltar Point Beach,17,NE,20,No,NA,22,NA,NONE,Clear,NA
18285,2024-08-16,Centre Island Beach,17,NE,20,No,NA,22,6,NONE,Clear,NA
18286,2024-08-16,Ward's Island Beach,17,NE,20,No,NA,22,NA,NONE,Murky,NA
18287,2024-08-16,Cherry Beach,17,NE,20,No,NA,23,NA,NONE,Clear,NA
18288,2024-08-16,Woodbine Beaches,17,NE,20,No,NA,14,4,NONE,Clear,NA
18289,2024-08-16,Kew Balmy Beach,17,NE,20,No,NA,15,13,NONE,Clear,NA
18290,2024-08-16,Bluffer's Beach Park,17,NE,20,No,NA,15,5,LOW,Clear,NA
18341,2024-06-06,Marie Curtis Park East Beach,8,SW,17,Yes,1,18,NA,NONE,Algae,1.42
18342,2024-06-06,Sunnyside Beach,8,SW,17,Yes,1,20,12,NONE,Algae,1.15
18343,2024-06-06,Hanlan's Point Beach,8,SW,17,Yes,1,18,2,NONE,Clear,NA
18344,2024-06-06,Gibraltar Point Beach,8,SW,17,Yes,1,15,30,NONE,Clear,NA
18345,2024-06-06,Centre Island Beach,8,SW,17,Yes,1,17,29,NONE,Clear,NA
18346,2024-06-06,Ward's Island Beach,8,SW,17,Yes,1,17,NA,NONE,Clear,NA
18347,2024-06-06,Cherry Beach,8,SW,17,Yes,1,18,22,NONE,Clear ,NA
18348,2024-06-06,Woodbine Beaches,8,SW,17,Yes,1,16,1,NONE,Clear ,NA
18349,2024-06-06,Kew Balmy Beach,8,SW,17,Yes,1,18,50,NONE,Cloudy ,NA
18350,2024-06-06,Bluffer's Beach Park,8,SW,17,Yes,1,15,2,NONE,Clear,NA
18351,2024-09-04,Marie Curtis Park East Beach,4,SE,13,No,NA,NA,NA,None,None,NA
18352,2024-09-04,Sunnyside Beach,4,SE,13,No,NA,18,52,NONE,clear,5.97
18353,2024-09-04,Hanlan's Point Beach,4,SE,13,No,NA,NA,NA,None,None,NA
18354,2024-09-04,Gibraltar Point Beach,4,SE,13,No,NA,NA,NA,None,None,NA
18355,2024-09-04,Centre Island Beach,4,SE,13,No,NA,NA,NA,None,None,NA
18356,2024-09-04,Ward's Island Beach,4,SE,13,No,NA,NA,NA,None,None,NA
18357,2024-09-04,Cherry Beach,4,SE,13,No,NA,22,11,NONE,clear,NA
18358,2024-09-04,Woodbine Beaches,4,SE,13,No,NA,20,2,NONE,clear,NA
18359,2024-09-04,Kew Balmy Beach,4,SE,13,No,NA,21,2,NONE,cloudy,NA
18360,2024-09-04,Bluffer's Beach Park,4,SE,13,No,NA,NA,NA,None,None,NA
